"shanmugamraju123"<shanmugamraju123@gmail.com>"kapilgaur186"<kapilgaur186@gmail.com>"poojimalhotraa"<pooji.malhotraa@gmail.com>"suryabhanrchavan"<suryabhanrchavan@gmail.com>"jiji_joseph81"<jiji_joseph81@yahoo.com>"krishna1805"<krishna1805@gmail.com>"zakiakhan2701"<zakiakhan2701@gmail.com>"revivalcentre12"<revivalcentre12@gmail.com>ahamadworldwide@gmail.comrajshekharneogi"<rajshekhar.neogi@gmail.com>"vishalvai22"<vishal.vai22@gmail.com>"santhanamkrish11"<santhanamkrish.11@gmail.com>"anandvk486"<anandvk486@gmail.com>"vbhama"<vbhama@gmail.com>"qlinkbd"<qlinkbd@gmail.com>"ganapathi0902"<ganapathi0902@gmail.com>"shyamjanmeda"<shyamjanmeda@gmail.com>"ashikbhatt012"<ashikbhatt012@gmail.com>"vijaylaxmiksj8"<vijaylaxmiksj8@gmail.com>"vspvenkatesh"<vspvenkatesh@gmail.com>"premarul"<premarul@yahoo.com>"girish_kumarch"<girish_kumarch@yahoo.co.in>"abhilashmohite7"<abhilashmohite7@gmail.com>"antony161965"<antony161965@gmail.com>muthukumar27671"<muthukumar27671@gmail.com>"jayaseelan21"<jayaseelan21@gmail.com>"rajch1849"<rajch1849@gmail.com>"arctjoydeep"<arct.joydeep@gmail.com>"beenaprem98"<beenaprem98@yahoo.co.in>"myasarpt"<myasarpt@yahoo.com>"kumaryogendra1990"<kumaryogendra1990@gmail.com>"skdeybpl64"<skdeybpl64@gmail.com>"drgprasad184"<drgprasad184@gmail.com>"sisodialucky"<sisodialucky@gmail.com>"arnabmoitra21"<arnabmoitra21@gmail.com>"abvtt"<abvtt@yahoo.com>"drkamendersingh"<drkamendersingh@gmail.com>"arnabbhatt09"<arnab.bhatt09@gmail.com>"jayaveluvelu"<jayavelu.velu@gmail.com>"nawjeetkr"<nawjeetkr@gmail.com>"sanjeev997581"<sanjeev997581@gmail.com>"miteshsolanki12"<miteshsolanki12@gmail.com>"knightwatchman007"<knightwatchman007@gmail.com>"abhikr1531996"<abhikr1531996@gmail.com>"chatterjianirban"<chatterji.anirban@gmail.com>"sandeshsrao"<sandeshsrao@gmail.com>"nidhiakaruna"<nidhi.akaruna@gmail.com>"movais73"<movais73@gmail.com>"pk968633"<pk968633@gmail.com>pramodbanglore@yahoo.com"sumitd38"<sumitd38@gmail.com>"satendratomar85b"<satendratomar85b@gmail.com>"mohammedcherada888"<mohammedcherada888@gmail.com>"satz03"<satz03@gmail.com>"svmukesh65"<svmukesh65@gmail.com>"johnpalmervictor"<johnpalmervictor@gmail.com>"anilsharma739"<anilsharma739@gmail.com>"crk1967"<crk.1967@yahoo.com>"ajaypeter0904"<ajaypeter0904@gmail.com>ajp007@gmail.com,"priyankasubudhi88"<priyanka.subudhi.88@gmail.com>"gowrishankarvarma"<gowrishankarvarma@gmail.com>"nayeem118"<nayeem118@gmail.com>"jamesbenny463"<jamesbenny463@gmail.com>"skvernica"<skvernica@gmail.com>kjauhary@gmail.com,"raajadt"<raajadt@gmail.com>"ahmedsayyed2402"<ahmedsayyed2402@gmail.com>"yeshwanthboss4"<yeshwanthboss4@gmail.com>"sridharmalayal0212"<sridharmalayal0212@gmail.com>"anildarak2001"<anildarak2001@yahoo.com>"ruchikartik1213"<ruchikartik1213@gmail.com>"sanjaysingfretex"<sanjay.singfretex@gmail.com>"dhinakaran1231987"<dhinakaran1231987@gmail.com>"m9845750951"<m9845750951@gmail.com>manjunath.srinivasamurthy@yahoo.com,"avithedj"<avithedj@gmail.com>"radhikakpr83"<radhikakpr83@gmail.com>"rpbehera"<rp.behera@outlook.com>mummadi.sandeep9@gmail.com"anuraj_redp"<anuraj_redp@yahoo.com>"niteeshaeron"<niteesh.aeron@gmail.com>jayakrishna0008@gmail.com, thadijayakrishna@gmail.com,"anvaranas786"<anvaranas786@gmail.com>"saurabhgarg83"<saurabh.garg83@gmail.com>"sanchitsharmaa185"<sanchitsharmaa185@gmail.com>"shahhit"<shahhit@gmail.com>"shahhit"<shahhit@gmail.com>"unushyd"<unushyd@gmail.com>"amreshbhargava"<amresh.bhargava@gmail.com>"hamamri"<hamamri@hotmail.com>"mahyughorpade"<mahyu.ghorpade@gmail.com>"720dipak"<720dipak@gmail.com>"sdhulankar25"<sdhulankar25@gmail.com>"arkoche29"<arko.che29@gmail.com>"snsdrkz"<snsdrkz@hotmail.com>rrnstar8@gmail.com"sivamsr"<siva.msr@gmail.com>rajeshjr2"<rajesh.jr2@gmail.com>"muzzaffarrahim786"<muzzaffarrahim786@gmail.com>"anil_sunil1979"<anil_sunil1979@yahoo.co.in>"rumanakhatoon10"<rumanakhatoon10@gmail.com>"sunilsinha73"<sunil.sinha73@gmail.com>"dhaneshvishwanath"<dhanesh.vishwanath@gmail.com>"ramashankarshukla75"<ramashankar.shukla75@gmail.com>"vivekthakur222"<vivekthakur222@gmail.com>philiciarob"<philiciarob@gmail.com>basembashir@hotmail.com,"hiteshbajpai92"<hitesh.bajpai92@gmail.com>rana_7220@hotmail.com,basembashir@hotmail.com,"debolinaghosh58"<debolinaghosh58@gmail.com>"sajalban"<sajalban@gmail.com>"vasupalli6020"<vasupalli6020@gmail.com>"krbabu1982"<krbabu1982@gmail.com>"prabugopal1727"<prabugopal1727@yahoo.com>"tsamy56"<tsamy56@gmail.com>"bnarayana0"<bnarayana0@gmail.com>"sundarbp2"<sundar.bp2@gmail.com>"sivasankarancl"<sivasankarancl@gmail.com>"snithyanandan"<s.nithyanandan@gmail.com>"harshakunigals"<harshakunigals@gmail.com>"kr2622"<kr2622@gmail.com>"divyancastelino"<divyancastelino@gmail.com>"vinodthampi1"<vinodthampi1@gmail.com>"noliregcris7"<noli.regcris7@gmail.com>"mabihegde1"<mabihegde1@gmail.com>"singhjassainijasbeer"<singh.jassaini.jasbeer@gmail.com>"tulirupali"<tuli.rupali@gmail.com>"gopisicai"<gopis.icai@gmail.com>"madhaviladdika"<madhavi.laddika@gmail.com>
"asifahmadmalkana79"<asifahmadmalkana79@gmail.com>"rabindra14468"<rabindra14468@gmail.com>cpkumar92@gmail.com "maheshsv23"<maheshsv23@gmail.com>sravanikeshavamurthy"<sravanikeshavamurthy@gmail.com>"shivbachansingh"<shivbachansingh@gmail.com>"pujarakd"<pujarakd@gmail.com>"vishucool3"<vishucool3@gmail.com>"ashishrash"<ashish.r.ash@gmail.com>"suji18su"<suji18su@gmail.com>"hindelghazi44"<hindelghazi44@gmail.com>"ratheeshpv08"<ratheeshpv08@gmail.com>"komusawant46"<komusawant46@gmail.com>"sravan424"<sravan424@gmail.com>"thomasedw2012"<thomasedw2012@gmail.com>"nsnpkumar"<nsnpkumar@gmail.com>"ankurnis12"<ankur.nis12@gmail.com>"casinghrakesh"<casinghrakesh@gmail.com>"vijay020135"<vijay020135@gmail.com>"rajibc30"<rajibc30@yahoo.com>"mfudeily"<mfudeily@hotmail.com>"arnabbhatt09"<arnab.bhatt09@gmail.com>"saviojoseph2023"<saviojoseph2023@gmail.com>"arun_c84"<arun_c84@yahoo.com>"akmastermind"<akmastermind@yahoo.co.in>"shinesekhanwaralli"<shine.sekhanwaralli@gmail.com>"amitraigurgaon"<amitraigurgaon@gmail.com>"burhanpur6992"<burhanpur6992@gmail.com>"subbulakshmisugavanam"<subbulakshmi.sugavanam@gmail.com>"manimrudulaparankusam"<manimrudula.parankusam@gmail.com>"subbulakshmisugavanam"<subbulakshmi.sugavanam@gmail.com>"john_alleppy"<john_alleppy@yahoo.co.in>"saikrrishna23"<saikrrishna23@gmail.com>"narinderkhanna4511"<narinderkhanna4511@gmail.com>"satwantsisingh"<satwant.si.singh@gmail.com>"sharmanarendra1981"<sharma.narendra1981@gmail.com>"shoebshk22"<shoebshk22@gmail.com>jaikumar2001sep@yahoo.co.in,"subadevshini"<subadevshini@gmail.com>"sanjaykumaranand"<sanjaykumaranand@gmail.com>,sathya4462@gmail.com,sophiajeyakumar@gmail.com,"satdeepa2702"<satdeepa2702@gmail.com>"meghrajbhosaleraja"<meghrajbhosaleraja@gmail.com>"palanivelnadar80"<palanivelnadar80@gmail.com>raghulkarimza"<raghulkarimza@gmail.com>"himakiran9"<himakiran9@gmail.com>"rramulums"<rramulums@gmail.com>"phnprksh"<phnprksh@gmail.com>"anujtiwari00"<anuj.tiwari00@gmail.com>"debasishbanerjee6495"<debasishbanerjee6495@gmail.com>"debasishbanerjee6495"<debasishbanerjee6495@gmail.com>"takhararvind"<takhar.arvind@gmail.com>"immikhan2000"<immi.khan2000@gmail.com>"uvarajuvarri"<uvarajuvarri@gmail.com>"venkatesh456"<venkatesh456@yahoo.com>"tejas123_1999"<tejas123_1999@yahoo.com>"dadinakar"<da.dinakar@gmail.com>"lokeshaac"<lokeshaac@gmail.com>"gssunshine"<gs.sunshine@gmail.com>"chetanjaiswal2083"<chetan.jaiswal2083@gmail.com>"debaprasadkanji"<debaprasadkanji@gmail.com>"ravivassey"<ravi.vassey@gmail.com>"jayaseelan21"<jayaseelan21@gmail.com>"debashiskunti"<debashiskunti@gmail.com>"skkrishna27"<skkrishna27@gmail.com>"amitmishra60432"<amitmishra60432@gmail.com>"vandanabtak"<vandanabtak@gmail.com>"rexvin"<rexvin@yahoo.com>"vnoila7"<vnoila7@gmail.com>"rg3134"<rg3134@gmail.com>"bvijaykumar1983"<bvijaykumar1983@gmail.com>"ashishnarke91"<ashishnarke91@gmail.com>"homeshbrulon1965"<homeshbrulon1965@gmail.com>"sarokiyaraj83"<sarokiyaraj83@gmail.com>"sapna999"<sapna999@gmail.com>"dastephen13"<dastephen13@gmail.com>"shyamjvj"<shyam.jvj@gmail.com>"deepaks0186"<deepaks0186@gmail.com>"udayaakshy"<udayaakshy@gmail.com>"roopeshrnjn"<roopesh.rnjn@gmail.com>"rajeshtr80"<rajeshtr80@gmail.com>"emline1519"<emline1519@gmail.com>"bp25"<bp25@rediffmail.com>"poojaashley123"<poojaashley123@gmail.com>"sudhasarann100"<sudhasarann100@gmail.com>"stephenorazi"<stephenorazi@gmail.com>"krmaniraj"<krmaniraj@gmail.com>"narayansinghyadav1966"<narayansinghyadav1966@gmail.com>"jhansi3111"<jhansi3111@gmail.com>"mudhashvi"<mudhashvi@gmail.com>"aruntele24"<aruntele24@gmail.com>"antocyrus"<antocyrus@gmail.com>"kandhanconfident"<kandhanconfident@gmail.com>"tabreiz_di"<tabreiz_di@yahoo.com>"akvn2785"<akvn2785@gmail.com>"rajarajan130485"<rajarajan130485@gmail.com>"vijay85scm"<vijay85scm@gmail.com>rkyd556"<rkyd556@gmail.com>rohans1414@gmail.com,"shakir2105"<shakir2105@gmail.com>"ashishnayak031214"<ashishnayak031214@gmail.com>"maharaj007"<maharaj007@yahoo.com>"arvind246731"<arvind246731@gmail.com>"anilpp71"<anilpp71@gmail.com>"amitakshat1"<amitakshat1@gmail.com>"saniashaikh300"<saniashaikh300@gmail.com>"satyaranjandas123"<satyaranjandas123@gmail.com>"mohananharish18"<mohananharish18@gmail.com>"geneva2882"<geneva2882@gmail.com>deepakthakur3234"<deepakthakur3234@gmail.com>"juaithen"<juaithen@hotmail.com>"skhantwalspg"<skhantwalspg@gmail.com>"anuragmadaan"<anuragmadaan@hotmail.com>"achutharama18"<achutharama18@gmail.com>"jsambathkumar"<j.sambathkumar@gmail.com>"shankarjha3885"<shankarjha3885@yahoo.co.in>"klnarayana1962"<klnarayana1962@gmail.com>"kabs8487"<kabs8487@gmail.com>"sudip086"<sudip086@gmail.com>"sankhamondal"<sankhamondal@gmail.com>"pinu1080"<pinu1080@gmail.com>"asarafuddinmd"<asarafuddin.md@gmail.com>"bbaanjali"<bbaanjali@gmail.com>"vsrao2451979"<vsrao2451979@gmail.com>"nvn725"<nvn725@gmail.com>"mmk323952"<mmk323952@gmail.com>"kishorealignpro"<kishore.alignpro@gmail.com>"protagonistprashant"<protagonist.prashant@gmail.com>
"tahirisadat1"<tahiri.sadat1@gmail.com>"jkvnambiar35"<jkvnambiar35@gmail.com>"ansarishagufta771"<ansarishagufta771@gmail.com>"msaif1316"<msaif1316@gmail.com>"nrahulsharma3"<nrahulsharma3@gmail.com>"rchalpat"<rchalpat@gmail.com>"bansodeevishal"<bansodeevishal@gmail.com>"mprajasekar80"<mprajasekar80@gmail.com>"arunsingh85733"<arunsingh85733@gmail.com>"nileshnlpr"<nilesh.nlpr@gmail.com>"nirajshri1234"<nirajshri1234@gmail.com>"terrydsouza74"<terrydsouza74@live.com>"aabrahim2006"<aabrahim2006@gmail.com>"jobs4arunpillai"<jobs4arunpillai@gmail.com>arungopalakrishnan1988@gmail.com"aabrahim2006"<aabrahim2006@gmail.com>"santoshsathe93"<santoshsathe93@gmail.com>"bharathbhushan76"<bharath.bhushan76@gmail.com>"mohammedsirajuddin18"<mohammedsirajuddin18@gmail.com>"goutam123_mukherjee"<goutam123_mukherjee@rediffmail.com>"satishadi23"<satishadi23@gmail.com>"mynewjob951"<mynewjob951@gmail.com>"abhisheksaurabh86as"<abhishek.saurabh86.as@gmail.com>"solicitorsiddharth"<solicitorsiddharth@gmail.com>somnath727"<somnath727@gmail.com>"rvrmani"<rvrmani@yahoo.co.in>"rasuravi06"<rasuravi06@gmail.com>"sinnimoolya"<sinni.moolya@gmail.com>"punnamakula456"<punnamakula456@gmail.com>"hiteshkewlani"<hiteshkewlani@ymail.com>"manoj"<manoj@manojsinha.com>"srvishu"<srvishu@gmail.com>"mangarajs"<mangarajs@gmail.com>"sathiyamoorth302"<sathiyamoorth302@gmail.com>"aviseksarkar"<avisek.sarkar@rediffmail.com>"joy_pack"<joy_pack@rediffmail.com>"kmohan862"<kmohan862@gmail.com>"shree125217"<shree125217@gmail.com>"kankuresanjay"<kankuresanjay@gmail.com>"praveensurisetti"<praveen.surisetti@gmail.com>"rdjmohan"<rdjmohan@gmail.com>"ravindrapukale"<ravindra.pukale@gmail.com>"ravindrapukale"<ravindra.pukale@gmail.com>"umeshmutta"<umeshmutta@gmail.com>"shree125217"<shree125217@gmail.com>"gkeerthieee"<gkeerthieee@gmail.com>"nazimlovef"<nazimlovef@gmail.com>"marellakaleshwarrao0"<marellakaleshwarrao0@gmail.com>"ameyut7"<ameyut7@gmail.com>"rajumori"<rajumori@gmail.com>chauhanm383"<chauhanm383@gmail.com>"sehsau"<seh.sau@gmail.com>"eskalpesh676"<e.skalpesh676@gmail.com>badrinarayanan800@gmail.com,andelamadhu@gmail.com,"ladebsingha9"<ladebsingha9@gmail.com>mukesh999verma"<mukesh999verma@yahoo.co.in>"premlogu"<premlogu@gmail.com>"rk224247"<rk224247@gmail.com>  rakesh_kumar336@yahoo.in,"geraldooty008"<geraldooty008@gmail.com>"sumeetpatti"<sumeet.patti@gmail.com>"sankhamondal"<sankhamondal@gmail.com>"abhi1989mandal2010"<abhi1989.mandal2010@gmail.com>"dhivakerend"<dhivakeren.d@gmail.com>,"youkeyvee"<youkeyvee@gmail.com>"veenagirish1979"<veenagirish1979@gmail.com>"sudarshanhn1"<sudarshan.hn1@gmail.com>"mkmoinit"<mkmoin.it@gmail.com>"mkmoinit"<mkmoin.it@gmail.com>"manojkumarnoida2012"<manojkumar.noida2012@gmail.com>imran.jamkash@gmail.com"riteshjha75"<ritesh.jha75@gmail.com>"rahuls98411"<rahuls98411@gmail.com>"prassanas"<prassanas@rediffmail.com>"zadidahmed"<zadidahmed@gmail.com>"hrideshkesarwani"<hridesh.kesarwani@gmail.com>"karriprasad4488"<karriprasad4488@gmail.com>"achalchoudhary"<achal.choudhary@gmail.com>"vikramshettykodial"<vikramshetty.kodial@gmail.com>"sawantarchana285"<sawant.archana285@gmail.com>"feroze1500"<feroze1500@gmail.com>"rakeshkmishra71"<rakesh.kmishra71@gmail.com>"skdhondiyal1970"<skdhondiyal1970@gmail.com>"radhikanbangera"<radhikanbangera@gmail.com>"ansusngh0"<ansusngh0@gmail.com>"janakiraman1907"<janakiraman1907@gmail.com>"arilizard"<arilizard@gmail.com>"grajeswari2511"<grajeswari2511@gmail.com>"jasvindersinghhr"<jasvindersinghhr@gmail.com>"sanjeevpgdm"<sanjeevpgdm@gmail.com>"brijeshsriva77"<brijesh.sriva77@gmail.com>"roopsikapoor09"<roopsikapoor09@gmail.com>"crsrinath1969"<crsrinath1969@gmail.com>"jijosmn34"<jijosmn34@gmail.com>"crsrinath1969"<crsrinath1969@gmail.com>"prasad0719869"<prasad0719869@gmail.com>"vishruthgowda12"<vishruthgowda12@gmail.com>"pixelabhijit"<pixelabhijit@gmail.com>"shoubhikpal0410"<shoubhik.pal0410@gmail.com>m_kautankar@yahoo.co.in,: Mohini.kautankar@gmail.com,"sujitshjha"<sujitsh.jha@gmail.com>"ps29041982"<ps29041982@gmail.com><lakshmisha1979@gmail.com>"nairsreeju555"<nairsreeju555@gmail.com>"anujsrma"<anujsrma@gmail.com>girishdhanuka9"<girishdhanuka9@gmail.com>"nazrulhussain500"<nazrulhussain500@gmail.com>"azardasgarali"<azard.asgarali@gmail.com>"victorkadiyam"<victor.kadiyam@gmail.com>"kumervinod"<kumer.vinod@gmail.com>"nitinbhamare2008"<nitinbhamare.2008@rediffmail.com>"jitenderkausthem"<jitender.kausthem@gmail.com>"gurwinderpalsingh87"<gurwinderpalsingh87@gmail.com>"srilaxmipammi"<srilaxmi.pammi@gmail.com>"nagesh5975"<nagesh5975@gmail.com>"harshakunigals"<harshakunigals@gmail.com>"harshakunigals"<harshakunigals@gmail.com>"mrvimaldavid01"<mr.vimaldavid01@gmail.com>"jsawasthi"<jsawasthi@rediffmail.com>awasthijyotiswaroop@gmail.com,"sudhirbhide836"<sudhirbhide836@gmail.com>"navithakavitha"<navitha.kavitha@gmail.com>"abbythebest86"<abbythebest86@gmail.com>"naveenthimmappa"<naveen.thimmappa@gmail.com>Purushotham.thiru1@gmail.com,
"rajibc30"<rajibc30@yahoo.com>"malindammd"<malindammd@gmail.com>skpathan4422@gmail.com,shahnawazk007.5@gmail.com,"u_abhilash"<u_abhilash@rediffmail.com>"brajaksutar"<brajaksutar@gmail.com>"anujkanchan123"<anujkanchan123@gmail.com>"prustyrakesh"<prusty.rakesh@gmail.com>"john_kennedy89"<john_kennedy89@yahoo.com>"jobssmita"<jobs.smita@gmail.com>"asitmallick998"<asitmallick998@gmail.com>"rkkaligotla"<rkkaligotla@gmail.com>"yogi3077"<yogi3077@gmail.com>"rakesh"<rakesh@avkqatar.com>vidyavm@yahoo.com,"subashcbc"<subash.cbc@gmail.com>"aboubacarsaleybomberi"<aboubacarsaleybomberi@gmail.com>"pareshnsharma"<pareshnsharma@gmail.com>"khadirmoosa"<khadir.moosa@gmail.com>"sahoogs1909"<sahoogs1909@yahoo.com>"sujin2591"<sujin2591@gmail.com>"ksatheesh234"<ksatheesh234@gmail.com>"amitraikar19"<amit.raikar19@gmail.com>ahmedsmailer@gmail.com,mahendraporjeguru"<mahendraporje.guru@gmail.com>"anendraendura"<anendraendura@yahoo.com>"rollandgomes"<rollandgomes@gmail.com>"rollandgomes"<rollandgomes@gmail.com>"sanjaybaradwaj"<sanjay.baradwaj@gmail.com>"sanjaybaradwaj"<sanjay.baradwaj@gmail.com>"shashikantmainhallikar"<shashikantmainhallikar@gmail.com>"subeerkarmakar"<subeerkarmakar@gmail.com>"sreekuttan00007"<sreekuttan00007@gmail.com>"pprajith84"<pprajith84@gmail.com>"cdpatel83"<cdpatel83@gmail.com>"krishathi"<krishathi@gmail.com>"samiransd02"<samiransd02@gmail.com>"sat_d85"<sat_d85@yahoo.in>"rsravi_75"<rsravi_75@yahoo.com>"jaswanthric"<jaswanthric@gmail.com>"debnathjaharlal"<debnathjaharlal@gmail.com>"shamimmahasin"<shamim.mahasin@gmail.com>"nikhildidwani456"<nikhildidwani456@gmail.com>"uttamgupta17"<uttam.gupta17@gmail.com>"dolly4sus"<dolly4sus@gmail.com>"sanjeev997581"<sanjeev997581@gmail.com>"babaprasadhota"<babaprasad.hota@gmail.com>"babaprasadhota"<babaprasad.hota@gmail.com>"rajendrak159"<rajendrak159@gmail.com>"sanath_kumar2508"<sanath_kumar2508@yahoo.com>manepally65"<manepally65@gmail.com>"sophiajeyakumar"<sophiajeyakumar@gmail.com>"ashishh_mohan"<ashishh_mohan@yahoo.com>"moeshoujo"<moeshoujo@gmail.com>"vkjain72"<vkjain72@gmail.com>"sajuthattiltv"<sajuthattil.tv@gmail.com>"moseslassey2017"<moseslassey2017@gmail.com>"roshanjosephceo"<roshanjosephceo@gmail.com>"chiragachilles"<chirag.achilles@gmail.com>"nallabothusrikanth"<nallabothusrikanth@gmail.com>"aniljulu"<aniljulu@gmail.com>"jagajagan"<jagajagan@gmail.com>"gowda2004"<gowda2004@gmail.com>"zaion1974"<zaion.1974@gmail.com>"sureshnarayanan85"<suresh.narayanan85@gmail.com>"neelamsonia"<neelam.sonia@gmail.com>"hrmali1980"<hrmali1980@gmail.com>"gouravchan"<gouravchan@gmail.com>"feldenmr"<felden.mr@gmail.com>"kiranraj7479"<kiranraj7479@gmail.com>"skdeepanraj1990"<skdeepanraj1990@gmail.com>anantharaj.thangaraj@gmail.com,"sivasivusha"<siva.sivusha@gmail.com>"86vaibhavsharma"<86vaibhav.sharma@gmail.com>"zubinjameswalsh"<zubinjameswalsh@gmail.com>"swetha17"<swetha17@gmail.com>"arunkumarravikumar95"<arunkumarravikumar95@gmail.com>"gnmurthy1992"<gn.murthy1992@gmail.com>"tahirisadat1"<tahiri.sadat1@gmail.com>"tathagatm01"<tathagatm01@gmail.com>"zakraniaymano"<zakraniaymano@gmail.com>"sarafarazah83"<sarafarazah83@gmail.com>"kkhclk2000"<kk.hclk2000@gmail.com>"dssharma89"<ds.sharma89@gmail.com>"sireesharavipati89"<sireesha.ravipati89@gmail.com>"srikanthrmymail"<srikanthr.mymail@gmail.com>ankurkrshukla"<ankurkrshukla@rediffmail.com>"viveakwadhwasmt"<viveakwadhwasmt@ymail.com>"rohit_1kaul"<rohit_1kaul@rediffmail.com>"balajeec6"<balajeec6@gmail.com>"sivalingappag"<sivalingappag@gmail.com>"summitkakkarindia"<summitkakkarindia@gmail.com>"vkvignesh96"<vkvignesh96@gmail.com>"vikramsinhmaurya"<vikramsinhmaurya@yahoo.com>"habotalebi138"<h.abotalebi138@gmail.com>"sahilsharma009"<sahilsharma009@outlook.com>"kumudkundan1989"<kumudkundan1989@gmail.com>"jayendracpatil"<jayendracpatil@gmail.com>"srdewasi"<srdewasi@gmail.com>"ajitnayak37"<ajit.nayak37@gmail.com>fatma.riya@gmail.com,"r_b_karan"<r_b_karan@yahoo.com>"jainikpancholi30"<jainik.pancholi30@gmail.com>"sandhajyoti2000"<sandhajyoti2000@yahoo.co.in>"vijaysharms1993"<vijaysharms1993@gmail.com>"yashutsarts"<yashu.tsarts@gmail.com>"fa9471"<fa9471@gmail.com>"raghavavempati"<raghava.vempati@gmail.com>dharannatarajan5110"<muralidharannatarajan5110@gmail.com>"sshakeelzaidi"<sshakeelzaidi@gmail.com>"balajeec6"<balajeec6@gmail.com>"axaleone"<axa.leone@gmail.com>"amitwu"<amit.wu@gmail.com>"prernagupta184"<prernagupta184@gmail.com>"kamleshvs87"<kamlesh.vs87@gmail.com>"amitkumar199026"<amitkumar199026@gmail.com>romariobinu"<romariobinu@gmail.com>"shuklamano"<shuklamano@gmail.com>"harshakunigals"<harshakunigals@gmail.com>"tejakumarr1996"<tejakumarr1996@gmail.com>"helloanandraj"<helloanandraj@gmail.com>"paramveersingh8500"<paramveersingh8500@gmail.com>"aviseks78"<aviseks78@gmail.com>"vrushalilimaye"<vrushali.limaye@gmail.com>"sam4sathi"<sam4sathi@gmail.com>"gkyogeesha"<gkyogeesha@gmail.com>"ranagoon"<ranagoon@gmail.com>"devrajv12"<devrajv12@gmail.com>
"harinaikramavathh"<harinaikramavathh@gmail.com>"satish_to2002"<satish_to2002@yahoo.co.in>"jackinips"<jackinips@gmail.com>vasanthbhavani31@gmail.com,vasanthbhavani31@gmail.com"usushil747"<usushil747@gmail.com>"santoshrise"<santosh.rise@gmail.com>"karthicksantha"<karthicksantha@gmail.com>"deepakpdubey11"<deepak.p.dubey11@gmail.com>"nandagiriashwin"<nandagiri.ashwin@gmail.com>"sonisahay2902"<sonisahay2902@gmail.com>"rajeevrajch"<rajeevrajch@gmail.com>"bachchankhan2"<bachchankhan2@gmail.com>"checkinsaheli"<checkinsaheli@gmail.com>"bonjo8"<bonjo8@gmail.com>"satpalsinghsp"<satpalsinghsp@rediffmail.com>"rajamundrysipl"<rajamundrysipl@gmail.com>"karan_amol"<karan_amol@yahoo.com>"snithin87"<snithin87@gmail.com>"vinitam2016"<vinitam2016@gmail.com>"samarchouhan609"<samarchouhan609@gmail.com>"hpsahani"<hpsahani@gmail.com>"bharatsinhparmar17"<bharatsinhparmar17@gmail.com>"mishraarvind31"<mishraarvind31@gmail.com>"nitinnair780"<nitinnair780@gmail.com>"rakeshtiwari30"<rakeshtiwari30@gmail.com>"kaushikghosh345"<kaushikghosh345@gmail.com>"amitabhamuk"<amitabha.muk@gmail.com>"knvenkatesh"<knvenkatesh@gmail.com>"subhashannuma"<subhash.annuma@gmail.com>"nitinsatam22"<nitinsatam22@gmail.com>"brijendra3979"<brijendra3979@gmail.com>"jagdishkmr26"<jagdishkmr26@gmail.com>sewfre"<sewfre@gmail.com>halyotfresew@gmail.com,"swatiggs"<swati.ggs@gmail.com>"sajuchoudhury"<sajuchoudhury@gmail.com>"harshad130993"<harshad130993@gmail.com>"singhhari224"<singhhari224@gmail.com>"ketanshuklaks"<ketanshukla.ks@gmail.com>"wahabshariffin"<wahabshariffin@gmail.com>"samohan1976"<sa.mohan1976@gmail.com>"prameshr4"<prameshr4@gmail.com>"mmanojkumar24"<m.manojkumar24@gmail.com>"sanyalkoustav"<sanyal.koustav@gmail.com>anjanpal282@gmail.com,"sanjayghiya51"<sanjayghiya51@gmail.com>"crazysam777"<crazysam777@gmail.com>"aadityakar"<aadityakar@gmail.com>"katariaanjali77"<kataria.anjali77@gmail.com>"deepankarahluwalia"<deepankar.ahluwalia@gmail.com>"balubagdi"<balubagdi@gmail.com>"bplviveksarathe"<bpl.viveksarathe@gmail.com>"sandeepjadhav201576"<sandeep.jadhav201576@gmail.com>"reneauxp"<reneauxp@gmail.com>"ferossze"<ferossze@gmail.com>"rpk6099"<rpk6099@gmail.com>"manoj46"<manoj46@yahoo.com>"aecsatapathy"<aec.satapathy@gmail.com>"sandeepsaxena35"<sandeepsaxena35@gmail.com>"ashokmba03"<ashokmba03@gmail.com>"udhamsingh0274"<udhamsingh0274@gmail.com>"chiruacharya"<chiruacharya@gmail.com>"rsingh0712"<rsingh0712@gmail.com>"ramex71"<ramex71@gmail.com>"shwetasharma651"<shweta.sharma651@gmail.com>"dharmesh215"<dharmesh.215@gmail.com>"christinacontractor"<christina.contractor@gmail.com>ektananda@gmail.com,"dipankarghosh87"<dipankarghosh87@gmail.com>"swapmore88"<swapmore88@gmail.com>"sarinpcy"<sarinpcy@gmail.com>"bhaskarlv22"<bhaskarlv22@gmail.com>"balvinder8415"<balvinder8415@gmail.com>"chhavinagpal973"<chhavinagpal973@gmail.com>"simraaj96"<simraaj96@gmail.com>"bhanu1agg"<bhanu1.agg@gmail.com>"shrutiburman81"<shrutiburman81@gmail.com>rasaha32@gmail.com,"sanjib1kar"<sanjib1kar@gmail.com>"reengusjitendra"<reengusjitendra@gmail.com>"vgvishal089"<vgvishal.089@gmail.com>"ahujarohit0212"<ahujarohit0212@gmail.com>"pratikmistry81"<pratikmistry81@gmail.com>"pritigautham"<pritigautham@gmail.com>"jayeshkedare"<jayeshkedare@gmail.com>"akshitdubey26"<akshitdubey26@gmail.com>"vijaysankarias"<vijaysankarias@gmail.com>"sharmaisha215"<sharma.isha215@gmail.com>"ashish150879"<ashish150879@gmail.com>"beherasatabdi7"<beherasatabdi7@gmail.com>"gsm1976"<gsm1976@gmail.com>"vinitaaps"<vinita.aps@gmail.com>"song919"<song919@hotmail.com>"vsahu3282"<v.sahu3282@gmail.com>"saidnabhan84"<saidnabhan84@gmail.com>"mohanandapator"<mohananda.pator@gmail.com>"mohantydsuits"<mohanty.dsuits@gmail.com>"jitushakti"<jitushakti@gmail.com>"prakashmahadevappa"<prakash.mahadevappa@gmail.com>sprabukpm@gmail.com"shankarloni43"<shankarloni43@gmail.com>"somnath_ghtk"<somnath_ghtk@yahoo.com>"rohitkumarabq"<rohitkumar.abq@gmail.com>"pradoshzolgikar"<pradosh.zolgikar@gmail.com>"abhicreatey"<abhicreatey@gmail.com>"shabhavedram"<shabhaved.ram@gmail.com>"anithapriyadarshini14"<anithapriyadarshini14@gmail.com>"lyanndandge"<lyanndandge@gmail.com>"ibrahim25031991"<ibrahim25031991@gmail.com>"sabarinadan1990"<sabarinadan1990@gmail.com>"tgnaidu"<tgnaidu@gmail.com>"pankajgharti"<pankajgharti@gmail.com>"pankajgharti"<pankajgharti@gmail.com>"mohammedhussainafr"<mohammed.hussain.afr@gmail.com>"santoshrg3"<santoshrg3@gmail.com>"lydiahjob1"<lydiahjob1@gmail.com>"rajatkumar01356"<rajatkumar01356@gmail.com>"shrinivas23jun"<shrinivas23jun@gmail.com>"abhinav2008"<abhinav2008@gmail.com>"tina4u83"<tina4u.83@gmail.com>"pskpadachu"<pskpadachu@gmail.com>"budakotijyoti2520"<budakotijyoti2520@gmail.com>"duraivm"<duraivm@gmail.com>duraivm"<duraivm@gmail.com>"nsckanth"<nsckanth@gmail.com>sayeedoosi"<sayeedoosi@gmail.com>"rahulmohan5769"<rahulmohan5769@gmail.com>"bvharish84"<bvharish84@gmail.com>"sudarshanhn1"<sudarshan.hn1@gmail.com>
"prabhatpushp9"<prabhat.pushp9@gmail.com>"lochantiwari1989"<lochantiwari1989@gmail.com>"shekarkp26"<shekarkp26@gmail.com>"sujit53b"<sujit53b@gmail.com>"heddurshettipramod"<heddurshetti.pramod@gmail.com>"tripathijai"<tripathijai@hotmail.com>"zunnuniu"<zunnuniu@yahoo.com>"emailpayaloo"<emailpayaloo@gmail.com>"vijaysunejaa"<vijay.sunejaa@gmail.com>"dswapan12345"<dswapan12345@gmail.com>"parameswarareddy1"<parameswarareddy1@gmail.com>"rakesh999sah"<rakesh999sah@gmail.com>"anshucvr"<anshucvr@gmail.com>"harshkapil714"<harshkapil714@gmail.com>"shams2368"<shams2368@gmail.com>"dhirajain2001"<dhirajain2001@gmail.com>"arvindsalunke284"<arvindsalunke284@gmail.com>"ravindranajith"<ravindran.ajith@gmail.com>"vinodbhole"<vinodbhole@yahoo.co.in>"abrar_1431"<abrar_1431@yahoo.co.in>"kumarrajesh78016"<kumarrajesh78016@gmail.com>dhana.an@gmail.com,"neerajyadav1983"<neerajyadav1983@gmail.com>"ananyamookherjee"<ananyamookherjee@gmail.com>"sharoz987"<sharoz987@gmail.com>"fouziasultana1713"<fouziasultana1713@gmail.com>"sonia2787"<sonia2787@gmail.com>"singhsurjit1984"<singhsurjit1984@gmail.com>"nadeemhumma"<nadeemhumma@gmail.com>"rubym1965"<rubym1965@gmail.com>"mailtobalkis"<mailtobalkis@gmail.com>"joesh119"<joesh119@gmail.com>"sathishamrs"<sathisha.mrs@gmail.com>"spmadiyal"<spmadiyal@gmail.com>"shashilkose"<shashilkose@gmail.com>"takhararvind"<takhar.arvind@gmail.com>"sshubhangitribhuwan"<sshubhangi.tribhuwan@gmail.com>"karantembhare21"<karan.tembhare21@gmail.com>"petermugerwa22"<peter.mugerwa22@yahoo.com>"gomze8090"<gomze8090@gmail.com>"ahmadirshad"<ahmad.irshad@gmail.com>"aksnettrainer"<aks.nettrainer@gmail.com>"krishnabn"<krishnabn@gmail.com>"kavithafec"<kavitha.fec@gmail.com>"vinayak194"<vinayak194@yahoo.co.in>"mmohsin401"<mmohsin401@gmail.com>"7prak8ash6"<7prak8ash6@gmail.com>"swapnilvicky26"<swapnil.vicky26@gmail.com>"parameshe02"<parameshe02@gmail.com>amansaxena786@gmail.com,aman.saxena2205@gamil.com ,"vibhahg"<vibhahg@gmail.com>"ranjanaseth"<ranjana.seth@gmail.com>"ranjanaseth"<ranjana.seth@gmail.com>"sonalga80"<sonalga80@gmail.com>"gayaskareem"<gayaskareem@gmail.com>"swajitjoshi"<swajit.joshi@gmail.com>"swajitjoshi"<swajit.joshi@gmail.com>"seenustephen"<seenustephen@gmail.com>"venkatkpper"<venkatkp.per@gmail.com>"vinuss03"<vinuss03@gmail.com>"nancyshrma12"<nancyshrma12@gmail.com>"rooparoshni310814"<rooparoshni310814@gmail.com>"mak8one"<mak8one@gmail.com>"maryjoseph333"<maryjoseph333@gmail.com>"rj8680"<rj8680@rediffmail.com>"balajibeeki"<balajibeeki@gmail.com>"raajajain"<raajajain@gmail.com>chakravarthy2003"<chakravarthy2003@gmail.com>"shinuemil"<shinuemil@gmail.com>"pravallika9t6"<pravallika9t6@gmail.com>"chethannagaraj6"<chethannagaraj6@gmail.com>"sahasatyajit81"<saha.satyajit81@yahoo.com>"cakaustubh"<cakaustubh@gmail.com>"fennyxav"<fennyxav@gmail.com>"samsravan28"<samsravan28@gmail.com>"shabareeshd"<shabareeshd@gmail.com>"mdharris999"<mdharris999@gmail.com>"rahulaxa"<rahul.axa@gmail.com>"mrk171"<mrk171@gmail.com>"harishskings"<harishskings@gmail.com>"nidhiwalke"<nidhi.walke@gmail.com>"vmajinvegeta"<vmajinvegeta@gmail.com>"jagasuga1515"<jagasuga1515@gmail.com>"bablueng86"<bablueng86@gmail.com>"munjalnavneet"<munjalnavneet@yahoo.com>"sandeepsingh4289"<sandeepsingh4289@gmail.com>"bawasandeepkumar"<bawasandeepkumar@gmail.com>"shuklaashy"<shukla.ashy@gmail.com>"jabarraj2000"<jabarraj2000@gmail.com>"rahulraushan987"<rahulraushan987@gmail.com>"krishq1975"<krishq1975@gmail.com>"ankushaggar"<ankushaggar@gmail.com>"richardwilliami"<richardwilliami@gmail.com>"vinayakd21"<vinayakd21@gmail.com>"anthiflexia"<anthiflexia@gmail.com>"jchandrakar07"<jchandrakar07@gmail.com>"vinayraj661"<vinayraj661@gmail.com>"mondalchanda"<mondalchanda@gmail.com>"lakshminarayanaatipamula"<lakshminarayana.atipamula@gmail.com>"ratnadeep1kharat"<ratnadeep1kharat@gmail.com>"arun27kc"<arun.27kc@gmail.com>"rafimd001"<rafi.md001@gmail.com>"jyotsnakuruba"<jyotsna.kuruba@gmail.com>"harikrishnagogineni12"<harikrishnagogineni12@gmail.com>"mincinmathew"<mincinmathew@gmail.com>"gopikrish362"<gopikrish362@gmail.com>"sahumanoj024"<sahumanoj024@gmail.com>"davejayendra"<davejayendra@hotmail.com>"shrifriendz"<shrifriendz@gmail.com>kirtikrish.12@hotmail.com"nnjayaram4"<nn.jayaram4@gmail.com>"hansonthom"<hansonthom@gmail.com>"nirupamsen"<nirupam.sen@gmail.com>"nairchithu"<nairchithu@gmail.com>"ymanand99"<ymanand99@gmail.com>"rrkathiravanbemba"<rrkathiravanbemba@gmail.com>"rajleslie"<rajleslie@gmail.com>"shaileshsupekar"<shailesh.supekar@gmail.com>"vinodprajapati17"<vinodprajapati17@rediffmail.com>aprchristumas@gmail.com,"atanudeb35"<atanudeb35@gmail.com>"srivatsa250391"<srivatsa250391@gmail.com>"aleshshirsat"<aleshshirsat@gmail.com>"narulaneeraj"<narula.neeraj@gmail.com>"priyankedu"<priyank.edu@gmail.com>"rajguru_sumanta"<rajguru_sumanta@yahoo.co.in>"atulsshinde"<atulsshinde@gmail.com>"ravitotagi"<ravitotagi@gmail.com>"dimpaldete12"<dimpaldete12@gmail.com>
"shailendrarohan"<shailendrarohan@yahoo.co.in>"sumanagupta"<sumanagupta@yahoo.com>"gunjansharda"<gunjansharda@gmail.com>"aniruddha8888"<aniruddha8888@yahoo.co.in>"samantadibyendu879"<samantadibyendu879@gmail.com>shaikkareem1633@gmail.com,"swaamiduraisp1"<swaamiduraisp1@gmail.com>"rbhrdggn"<rbhrdggn@gmail.com>"bsiddi"<b.siddi@icloud.com>"pranaysmile1"<pranaysmile1@gmail.com>"gomathiparthiban732"<gomathiparthiban732@gmail.com>"alyusufca"<alyusufca@gmail.com>"rdmdthambi"<rdmdthambi@gmail.com>"neeraj_bharadwaj1986"<neeraj_bharadwaj1986@yahoo.com>"nishsharma16"<nish.sharma16@gmail.com>"msmanjusrinivas"<msmanjusrinivas@gmail.com>"shrutisuri86"<shrutisuri86@gmail.com>"pankajbhatra"<pankajbhatra@gmail.com>"tarpankiem007"<tarpankiem007@gmail.com>"vinothvijay770"<vinothvijay770@gmail.com>"madurai_p"<madurai_p@yahoo.com>"parmarshailesh948"<parmarshailesh948@gmail.com>"elizabethsequeira1611"<elizabeth.sequeira1611@gmail.com>"guruprasadmadhiraju"<guruprasad.madhiraju@gmail.com>"nikhilgupta2121"<nikhilgupta2121@gmail.com>"alwan21"<alwan21@yahoo.com>"1984pradkumar"<1984.pradkumar@gmail.com>"hkhemanth17"<hkhemanth17@gmail.com>"kmpism1984"<kmpism1984@gmail.com>"saifulalam77"<saifulalam77@gmail.com>"kish280259"<kish280259@gmail.com>"sandeepsudheendran"<sandeep.sudheendran@gmail.com>"sajithahr2710"<sajithahr2710@gmail.com>"girishjoshiindia"<girish.joshi.india@gmail.com>"prasana979"<prasana979@gmail.com>"rameshchandra1949"<rameshchandra1949@gmail.com>"asimkhan052"<asimkhan052@gmail.com>"pradipta_chakrabarti"<pradipta_chakrabarti@rediffmail.com>"shashipal"<shashipal@live.in>"koushiknag75"<koushiknag75@gmail.com>"kiranraj7479"<kiranraj7479@gmail.com>"tanmoymukherjee756"<tanmoymukherjee756@gmail.com>"kailashkurle"<kailashkurle@gmail.com>"jabedmostofa"<jabedmostofa@gmail.com>"pankajpatiltoyama"<pankajpatil.toyama@gmail.com>"hansrajsingrajput"<hansrajsingrajput@gmail.com>nachiket.karekar@gmail.com,"bharathimatizelec"<bharathimatizelec@gmail.com>"sahil0484"<sahil0484@gmail.com>"lakshmiramya"<lakshmiramya@gmail.com>"sahanisanjaykumar3"<sahanisanjaykumar3@gmail.com>dmaniam2000@gmail.com, ssmaniam68@gmail.com,"shubhabratachatterjee"<shubhabrata.chatterjee@gmail.com>"victormcc7"<victormcc7@gmail.com>"amanprk11"<amanprk11@gmail.com>"jegkis"<jegkis@gmail.com>"raisbade18"<raisbade18@gmail.com>"manojjay"<manoj.jay@gmail.com>"shameeras1985"<shameeras1985@gmail.com>"vvicky5650"<v.vicky5650@gmail.com>joshi.saumitra@gmail.com,"engrswapnil"<engrswapnil@gmail.com>"ssridhar01"<ssridhar01@yahoo.co.in>"shilpashahlot"<shilpa.shahlot@gmail.com>"yashash26"<yashash26@gmail.com>"artichidambaram"<artichidambaram@gmail.com>"dheeraj707"<dheeraj707@gmail.com>"subhashinikumar26"<subhashinikumar.26@gmail.com>"senthilvtk"<senthilvtk@gmail.com>"parshukalwade"<parshu.kalwade@gmail.com>"vikranttyagi14"<vikranttyagi14@gmail.com>"luckytito05"<luckytito05@gmail.com>"srinikarthik_84"<srinikarthik_84@yahoo.com>"rajeshbhan71"<rajesh.bhan71@gmail.com>"dhabaliajignesh"<dhabalia.jignesh@gmail.com>"roshanapura"<roshanapura@gmail.com>"huntersoutheyoffshore"<hunter.southeyoffshore@gmail.com>"shriyaraina1"<shriya.raina1@gmail.com>"kothotshaju"<kothotshaju@gmail.com>sgprakash09@gmail.com"rohitmehra72"<rohitmehra72@gmail.com>"davelalit36"<davelalit36@gmail.com>"shivaambur"<shivaambur@gmail.com>"spharasi21"<spharasi21@gmail.com>"ramchavan2000"<ramchavan2000@gmail.com>"kguru151989"<kguru15.1989@gmail.com>"steve201486"<steve201486@gmail.com>"raghav16raghav"<raghav16raghav@gmail.com>"rajeevmax21"<rajeevmax21@gmail.com>"raghav16raghav"<raghav16raghav@gmail.com>sra1.raaja@gmail.com"avinashghlp72"<avinashghlp72@gmail.com>"shabbirsaifi2012"<shabbirsaifi2012@gmail.com>"psrawatji"<psrawatji@gmail.com>"satbir5977"<satbir5977@gmail.com>"veneetmehta1970"<veneetmehta1970@gmail.com>"benjamiinlaadi25"<benjamiinlaadi.25@gmail.com>"vathsay"<vathsay@gmail.com>"vireshpatel"<vireshpatel@rediffmail.com>"vinikaindia90"<vinikaindia90@gmail.com>"chanderchabria"<chander.chabria@gmail.com>"pp_goyal"<pp_goyal@yahoo.com>"shwetagarud45"<shweta.garud45@yahoo.com>mdtiger.rana@gmail.com"ranetaniska"<ranetaniska@gmail.com>"dhvanipshah"<dhvanipshah@yahoo.co.in>"advocatekaushik123"<advocatekaushik123@gmail.com>"sumitchadha15"<sumitchadha15@gmail.com>syedasifdevil@gmail.com,syedasifuddin7860@gmail.com,"tiwarit11"<tiwarit11@gmail.com>"pankajverma82pv"<pankajverma82.pv@gmail.com>"karthikkumar10"<karthik.kumar10@gmail.com>"yogeshmgorte"<yogeshmgorte@gmail.com>"rajwaitsfor"<rajwaitsfor@gmail.com>"utsavcompeng"<utsav.comp.eng@gmail.com>"poornagmba"<poornagmba@gmail.com>"kasiisgreat"<kasiisgreat@gmail.com>"kasiisgreat"<kasiisgreat@gmail.com>"soumitrasarker"<soumitra.sarker@gmail.com>"gopinathfire"<gopinathfire@gmail.com>"bharathnj89"<bharathnj.89@gmail.com>"kaustavmallik"<kaustav.mallik@gmail.com>"vaibhavshukla"<vaibhav.shukla@aol.com>"sumanttobanerjee"<sumantto.banerjee@gmail.com>"kasiviswas"<kasiviswas@gmail.com>
"arvinabad"<arvinabad@gmail.com>"vihari2000"<vihari2000@gmail.com>"hirakeshkaloiya"<hirakeshkaloiya@gmail.com>"fornarotham"<fornarotham@gmail.com>"vsurya479"<vsurya479@gmail.com>"geeta_parteki"<geeta_parteki@yahoo.co.in>"kmb1969"<kmb1969@rediffmail.com>"ramshassan"<ramshassan@yahoo.co.in>"veereshatshettru"<veeresha.t.shettru@gmail.com>"kussumgirijasharrma"<kussumgirijasharrma@gmail.com>"arijitdeyhrd"<arijitdey.hrd@outlook.com>aibhavkhurana"<vaibhav.khurana@yahoo.com>"vikrant4063"<vikrant4063@gmail.com>"pavithravidhyalaya"<pavithravidhyalaya@gmail.com>"pavithravidhyalaya"<pavithravidhyalaya@gmail.com>"flowerking86"<flowerking86@gmail.com>"rani11nupur"<rani11nupur@gmail.com>"prabudhyasengupta"<prabudhya.sengupta@gmail.com>"amitchkumar"<amit.ch.kumar@gmail.com>"nape222"<nape222@yahoo.com>"abhinandanmaru"<abhinandanmaru@gmail.com>"singhviru2211"<singhviru.2211@gmail.com>"samirmaity1234"<samirmaity.1234@gmail.com>"fabiommsoares"<fabio.m.m.soares@hotmail.com>"arunsakthi5"<arunsakthi5@gmail.com>"priyankapratyushsaini"<priyankapratyushsaini@gmail.com>"rajkumari002"<rajkumari002@gmail.com>"karnanireshma"<karnani.reshma@gmail.com>"rakeshdayal123"<rakeshdayal123@gmail.com>"shriram56981"<shriram56981@gmail.com>"sundeepbhargava"<sundeep.bhargava@gmail.com>"drvinodjjn"<dr.vinodjjn@gmail.com>"anujakochhar"<anujakochhar@gmail.com>"sancharichowdhury"<sanchari.chowdhury@gmail.com>"venkatsrikanthr"<venkatsrikanth.r@gmail.com>san_mal1@rediffmail.com, sandeep031975@gmail.com,"js796051"<js796051@gmail.com>"irfanfarooqui59"<irfanfarooqui59@gmail.com>sj18011965@gmail.com,1965sanjay.jaiswal@gmail.com,"gangadharaca123"<gangadharaca123@gmail.com>"prasadvsn6"<prasad.vsn6@gmail.com>"sibiramg12"<sibiramg12@gmail.com>"divinder156"<divinder156@gmail.com>"nmanpadi"<nmanpadi@gmail.com>"nmanpadi"<nmanpadi@gmail.com>"mayaramyadav"<mayaramyadav@gmail.com>"gohildharam80"<gohil.dharam80@gmail.com>"altafvohra1981"<altaf.vohra1981@gmail.com>"sugumar2891"<sugumar2891@gmail.com>"atanuroy74"<atanuroy74@gmail.com>"swetachocha"<sweta.chocha@gmail.com>"nitinksri"<nitinksri@gmail.com>"rajadarapureddy"<raja.darapureddy@gmail.com>"suhasagam"<suhasagam@gmail.com>prakashchauhan833@gmail.com,"kireetisingamsetty"<kireeti.singamsetty@gmail.com>umeshnagar1998"<umeshnagar1998@gmail.com>"maxonsevak"<maxonsevak@gmail.com>"thamaraiselvig19"<thamaraiselvig19@gmail.com>"uumeshkg"<uumeshkg@gmail.com>"arifali63"<arifali63@gmail.com>"anandpiyushdayal"<anandpiyushdayal@gmail.com>"dubepankaj"<dubepankaj@gmail.com>"vinodbanerji"<vinodbanerji@gmail.com>"sunvenkat22"<sunvenkat22@gmail.com>"saurav1502"<saurav1502@gmail.com>"chauhanmdsamir"<chauhanmdsamir@gmail.com>"spagarwal22"<sp.agarwal22@gmail.com>"jram21209"<jram21209@gmail.com>"khamarudheen70"<khamarudheen70@gmail.com>"dattaramp049"<dattaramp049@gmail.com>"vishaltaneja786"<vishaltaneja786@gmail.com>"rksinha7000"<rksinha7000@gmail.com>"lakshmivallabhaneni"<lakshmi.vallabhaneni@gmail.com>"mhaminit001"<mhaminit001@gmail.com>"selviamaldass"<selvi.amaldass@gmail.com>"ashoksraja"<ashoks.raja@gmail.com>"ashoksraja"<ashoks.raja@gmail.com>"sanjayborhade"<sanjay.borhade@yahoo.co.in>"rbasawatia14"<rbasawatia14@gmail.com>"yogiagarwal"<yogiagarwal@gmail.com>"ravindr924"<ravindr924@gmail.com>"hunde275"<hunde275@gmail.com>"cecilmathew1966"<cecilmathew1966@gmail.com>"suneetraturi"<suneet.raturi@gmail.com>"rewalebharat"<rewalebharat@gmail.com>"navin_yuvansi"<navin_yuvansi@yahoo.com>"gbeura"<gbeura@gmail.com>"ramanbkd"<raman.bkd@gmail.com>"vinayakcoolvinnu"<vinayak.coolvinnu@gmail.com>"smritimoy321"<smritimoy321@gmail.com>"pareekhp10"<pareekhp10@gmail.com>"kalyan15puri"<kalyan15puri@gmail.com>"aswini1mohapatra"<aswini1.mohapatra@gmail.com>"nagmani2222"<nagmani2222@gmail.com>"rkj181"<rkj181@gmail.com>"girishjoshiindia"<girish.joshi.india@gmail.com>"amitkishore_2013"<amitkishore_2013@yahoo.com>"manish049"<manish049@outlook.com>,manishsingh049@gmail.com,"hsb010"<hsb010@gmail.com>"mohamed91064"<mohamed91064@gmail.com>"abhijitsreemani"<abhijit.sreemani@gmail.com>"vijayanj2003"<vijayanj2003@gmail.com>"zaf_mufti"<zaf_mufti@yahoo.co.in>"udaykumaruk76"<udaykumar.uk76@gmail.com>"udaykumaruk76"<udaykumar.uk76@gmail.com>aarthiraghavan20@gmail.com,apss.raghavan@gmail.com,"asanup"<asanup@gmail.com>"amanchani"<aman.chani@gmail.com>"ravipanchal1531"<ravipanchal1531@gmail.com>"amanchani"<aman.chani@gmail.com>"dpgiis18"<dpgiis18@gmail.com>"akamitsharmas"<akamitsharmas@gmail.com>"deydhrub2003"<deydhrub2003@yahoo.co.in>"thamaraiselvig19"<thamaraiselvig19@gmail.com>arunkumar_s87@yahoo.com"kumarrupesh1207"<kumarrupesh1207@gmail.com>"latabharti2009"<latabharti.2009@gmail.com>"ajshika2021"<ajshika2021@gmail.com>"anantha620"<ananth.a620@gmail.com>"navilkumana"<navil.kumana@gmail.com>"meneniyashwanth"<meneniyashwanth@gmail.com>"nitishnitish03"<nitishnitish03@gmail.com>"pandulooks21"<pandulooks21@gmail.com>dwarakanathmurali"<dwarakanathmurali@gmail.com>
"bdeffendi"<bdeffendi@gmail.com>"omniblue60"<omniblue60@gmail.com>"rathodbhavesh"<rathod.bhavesh@hotmail.com>"bashafarida"<bashafarida@gmail.com>"lmallikarjuna"<lmallikarjuna@ymail.com>"kamalmishra47"<kamalmishra47@gmail.com>"nuthanprasad552"<nuthanprasad552@gmail.com>"debasis83das"<debasis83das@gmail.com>shahanil22@rediffmail.com,ARSHAH.320@GMAIL.COM,"gtrivikram"<g.trivikram@gmail.com>"sigmagawand"<sigmagawand@gmail.com>"shashankshivaram1989"<shashankshivaram1989@gmail.com>"hithadevadas"<hithadevadas@gmail.com>"sbobbyj"<sbobbyj@gmail.com>"happyfamily75770409"<happyfamily75770409@gmail.com>,ceenu2000@gmail.com,"hebbalpadmanabha"<hebbalpadmanabha@gmail.com>"bikkikumar"<bikkikumar@live.com>"rksaminathan"<rk.saminathan@gmail.com>"senguptasougata"<sengupta.sougata@gmail.com>"mitrasomnath82"<mitra.somnath82@gmail.com>"vu3atk"<vu3atk@gmail.com>"sreedharkolli"<sreedharkolli@rediffmail.com>"meetybiswal"<meetybiswal@gmail.com>"vizzbob"<vizz.bob@gmail.com>"yuvaraj602"<yuva.raj602@gmail.com>"mailit2peter"<mailit2peter@gmail.com>"trivedi_rk1411"<trivedi_rk1411@yahoo.co.in>"ashishmichaelpandey9"<ashishmichael.pandey9@gmail.com>"bharatgvshostel2"<bharatgvshostel2@gmail.com>"navinkumarkhanwan"<navinkumarkhanwan@gmail.com>"tanveerahmeds86"<tanveerahmeds86@gmail.com>"nsankartvl"<nsankartvl@gmail.com>"maheshsq"<mahesh.sq@gmail.com>"hk36162"<hk36162@gmail.com>"fredric62848"<fredric62848@gmail.com>"ijasahmed897"<ijasahmed897@gmail.com>"rahulsharma0891"<rahulsharma0891@gmail.com>"ajitnayak37"<ajit.nayak37@gmail.com>"shynisharongeorge"<shyni.sharongeorge@gmail.com>"sachinmehtamotivational"<sachinmehtamotivational@gmail.com>"kewatpankaj261"<kewatpankaj261@gmail.com>"sumanttobanerjee"<sumantto.banerjee@gmail.com>"rajeshkanth"<rajeshkanth@hotmail.com>archakulkarni@gmail.com,"sharu2007dadore"<sharu2007.dadore@gmail.com>"paruchandarana"<paruchandarana@gmail.com>"timmy7800"<timmy7800@yahoo.com>"ashishdwivedi2005"<ashishdwivedi2005@gmail.com>"rohitdey77"<rohitdey77@gmail.com>"cagargsaurabh"<cagarg.saurabh@gmail.com>"majethiya"<majethiya@gmail.com>"sudershanpersonal"<sudershan.personal@gmail.com>"aalaapkavishwar"<aalaap.kavishwar@gmail.com>"survasesupriya79"<survasesupriya79@gmail.com>"majumdarsaikat003"<majumdarsaikat003@gmail.com>"aritragoswami"<aritra.goswami@gmail.com>"jobrkshrivastava"<job.rkshrivastava@gmail.com>"anirban1chakraborty"<anirban1.chakraborty@gmail.com>"ramankapoor531"<ramankapoor531@gmail.com>"srivastavankur"<srivastav.ankur@gmail.com>"guptasubhasis"<gupta.subhasis@gmail.com>"khem8laksid"<khem8laksid@gmail.com>"msudhansu74"<msudhansu74@gmail.com>"sudiptatyagi"<sudipta.tyagi@gmail.com>"romanagarwalra"<roman.agarwal.ra@gmail.com>"sharmagaurav911"<sharmagaurav911@gmail.com>"romelvishwas"<romelvishwas@gmail.com>"get2vishwa"<get2vishwa@gmail.com>"archhanavenugopalb"<archhanavenugopalb@gmail.com>"sudiptobhowmick138"<sudiptobhowmick138@gmail.com>ashishkumar2186"<ashishkumar2186@gmail.com>"annumishra93"<annumishra93@gmail.com>"renurelan"<renu.relan@gmail.com>"shvdkkpr"<shv.dk.kpr@gmail.com>"parthapratimsen"<parthapratim.sen@gmail.com>"pritranjanjha"<pritranjanjha@gmail.com>"naharvishalj"<naharvishalj@gmail.com>"ratnavalikumari"<ratnavali.kumari@tkelevator.com>ratnavalikumari@gmail.com,"subhrosen29"<subhro.sen29@gmail.com>"hukkerisatish"<hukkeri.satish@gmail.com>"visheshmishra664"<visheshmishra664@gmail.com>"shajimichaelintimate"<shajimichaelintimate@gmail.com>"ravisinghchauhan1979"<ravisinghchauhan1979@gmail.com>"kvlkrkr"<kvlkrkr@gmail.com>"vineetmandloi"<vineetmandloi@gmail.com>"shubhamsaurabh458"<shubhamsaurabh458@gmail.com>"shruthirajur"<shruthirajur@gmail.com>"liskima"<liskima@gmail.com>"sarkarsagnik42"<sarkarsagnik42@gmail.com>"kumarapathak"<kumarapathak@gmail.com>"julkadolly73"<julkadolly73@gmail.com>v_shivaa@yahoo.com,"nishawalinjkar"<nishawalinjkar@gmail.com>"clifford96"<clifford96@gmail.com>"muthusamybalasubramanyam"<muthusamybalasubramanyam@gmail.com>"1981pramila"<1981pramila@gmail.com>"vipinkhatana"<vipin.khatana@gmail.com>karuppan.guiri@gmail.com,karuppanaathan@gmail.com,"manishnews73"<manishnews73@gmail.com>"sdipsamanta"<sdipsamanta@gmail.com>"albertluvjemi"<albertluvjemi@gmail.com>"paramveersingh8500"<paramveersingh8500@gmail.com>"palagappan"<p.alagappan@gmail.com>"vimalkumarrvs"<vimalkumarrvs@gmail.com>"sonal26772"<sonal26772@gmail.com>"kanungosk2011"<kanungo.sk2011@gmail.com>"ashirish1982"<ashirish1982@gmail.com>"rahulbond005"<rahulbond005@gmail.com>"mishrayogesh22"<mishrayogesh22@gmail.com>"goelajay594"<goelajay594@gmail.com>"sandiproy2009"<sandip.roy2009@gmail.com>"rajaraj94824"<rajaraj94824@gmail.com>"gvinothkanna21"<g.vinothkanna21@gmail.com>"fcashivamgupta"<fcashivamgupta@gmail.com>"ashavanipathak05"<ashavanipathak05@gmail.com>"mayurksharma1988"<mayurksharma1988@gmail.com>"satyawansuryawanshi"<satyawan.suryawanshi@gmail.com>"sur79india"<sur79india@gmail.com>"jeevakau"<jeevakau@gmail.com>"vivajvj"<vivajvj@gmail.com>
"divvyaray"<divvya.ray@gmail.com>"karthi030390"<karthi030390@gmail.com>jelenadjokovic85"<jelenadjokovic85@gmail.com>deepikafartiyal91"<deepika.fartiyal91@gmail.com>"salishq"<sal.ishq@gmail.com>"rmshriram"<rmshriram@gmail.com>"firojkhan9567"<firojkhan9567@gmail.com>"rajjyoti1987"<rajjyoti.1987@gmail.com>"rakeshsharma281"<rakeshsharma281@gmail.com>"ganesh1582"<ganesh1582@gmail.com>"taranginib"<taranginib@yahoo.com>"lata121989"<lata12.1989@gmail.com>"sridharsrs201"<sridharsrs201@gmail.com>"smveera19"<smveera19@gmail.com>"chalkesnehal91"<chalkesnehal91@gmail.com>"sathishkumar18121993"<sathishkumar18121993@gmail.com>"swathirangam11"<swathi.rangam11@gmail.com>"dmathavan5"<dmathavan5@gmail.com>"parthisuji1411989"<parthisuji1411989@gmail.com>"nareshbioengineer"<naresh.bioengineer@gmail.com>"sbharathsathesh"<sbharathsathesh@gmail.com>"kmohanasundaram"<kmohanasundaram@yahoo.co.in>"firozkhalife93"<firozkhalife93@gmail.com>"muruganmvasanthan1"<murugan.mvasanthan1@gmail.com>"karthi8805"<karthi8805@gmail.com>"naliniashokkumar79"<naliniashokkumar79@gmail.com>"mantoshjha9"<mantosh.jha9@gmail.com>"chandansharma281"<chandansharma281@yahoo.in>"jamalfarooqui786"<jamal.farooqui786@gmail.com>"aankit6566"<aankit6566@gmail.com>"rajasekarachilis"<rajasekarachilis@gmail.com>"neerajkumar1331"<neerajkumar1331@yahoo.com>"om58432"<om58432@gmail.com>"khushisaggar1987"<khushi.saggar1987@gmail.com>"choudharyvivek582"<choudharyvivek582@gmail.com>"monisrisudha"<monisrisudha@gmail.com>"tahseennishath8"<tahseen.nishath8@gmail.com>"manojjaiswal9634"<manojjaiswal9634@gmail.com>"deepakjanoti711"<deepakjanoti711@gmail.com>"sumthibsc08"<sumthibsc08@gmail.com>"2013rakshitha"<2013rakshitha@gmail.com>"krishnakumararmy"<krishnakumar.army@gmail.com>"sureshbalajigilka"<suresh.balajigilka@gmail.com>"nrakesh03"<nrakesh03@yahoo.com>"manpreetgujjar48"<manpreetgujjar48@gmail.com>"sathakabdula3"<sathakabdula3@gmail.com>"moorthiksa18"<moorthi.ksa18@gmail.com>"mritunjoydewan"<mritunjoydewan@gmail.com>"robingolda143"<robingolda143@gmail.com>"swaps786mhatre"<swaps786mhatre@gmail.com>"prabuspm2311"<prabu.spm2311@gmail.com>"waranrajesh12"<waranrajesh12@gmail.com>"saurabhchakraborty16"<saurabhchakraborty16@gmail.com>"sobhansarkar805"<sobhansarkar805@gmail.com>"umapathyn1985"<umapathyn1985@gmail.com>"kakukapil92"<kakukapil92@gmail.com>"kiran131184"<kiran131184@gmail.com>"bhaskara696"<bhaskara696@gmail.com>"devaskills"<devaskills@gmail.com>"vikas_28sept"<vikas_28sept@yahoo.co.in>"rgmanigingee"<rg.manigingee@gmail.com>"shailajachutki9"<shailajachutki9@gmail.com>"sloganathan1981"<sloganathan1981@gmail.com>"janak143pathania"<janak143pathania@gmail.com>kmrs05"<kmrs05@yahoo.co.in>"ss340343"<ss340343@gmail.com>"arullabtech"<arullabtech@gmail.com>"munigelanaresh91"<munigelanaresh91@gmail.com>"mrmohankr"<mr.mohankr@yahoo.com>"balumaniindia"<balumani.india@gmail.com>"khari2822"<khari2822@gmail.com>"surajsmme89"<suraj.smme.89@gmail.com>"indiadeepak"<indiadeepak@hotmail.com>"arvindnautiyal2343"<arvind.nautiyal2343@gmail.com>"jpjackiprakash"<jpjacki.prakash@gmail.com>"rajagovinda1993"<rajagovinda1993@gmail.com>"boobalan4me"<boobalan4me@gmail.com>"isaikatgiri"<i.saikatgiri@gmail.com>"amit_idea095"<amit_idea095@yahoo.co.in>"govndmehta"<govndmehta@gmail.com>"anitahireholi"<anita.hireholi@gmail.com>"priteedeolekar"<pritee.deolekar@gmail.com>"pathakstanmoy"<pathaks.tanmoy@gmail.com>"priyankasamuel24"<priyankasamuel24@gmail.com>"kprabha861"<kprabha861@gmail.com>"srinivaasansjcheenu19"<srinivaasan.sjcheenu19@gmail.com>"shuvasreemohajohn"<shuvasree.mohajohn@gmail.com>"am8751986"<am8751986@gmail.com>"mishrapreeti738"<mishrapreeti738@gmail.com>"alokrayiam"<alokray.iam@gmail.com>"shashikalanmn0"<shashikalanmn0@gmail.com>"dvermakverma"<dvermakverma@gmail.com>"sharmakapil3011"<sharma.kapil3011@shine.com>"mubarakmub36"<mubarakmub36@gmail.com>"sharmaaas89"<sharma.a.as89@gmail.com>"sravanthirameshg"<sravanthiramesh.g@gmail.com>"snehasaman"<snehasaman@yahoo.com>"sakthiveluece"<sakthiveluece@gmail.com>"clemenciam702"<clemenciam702@gmail.com>"aashuprabhakar8407"<aashuprabhakar8407@gmail.com>"sabarishgunal123"<sabarishgunal123@gmail.com>"nishasjuhi2009"<nishasjuhi2009@yahoo.com>"kirtisinghshakya8994"<kirti.singhshakya8994@gmail.com>"shallendravogue"<shallendra.vogue@gmail.com>"gambigabathi"<g.ambigabathi@gmail.com>"kiranmsawant2010"<kiranmsawant2010@gmail.com>"crmanoj2000"<crmanoj2000@gmail.com>"23savita12"<23savita12@gmail.com>"abdulrafeeq1971"<abdulrafeeq1971@gmail.com>"rajput_manoj24"<rajput_manoj24@yahoo.com>"mohanrajs17"<mohanraj.s17@gmail.com>"guddinbisht"<guddinbisht@gmail.com>"muthusamym4134"<muthusamym4134@gmail.com>"rohinipravinrao"<rohinipravinrao@gmail.com>"moorthy20vasanth"<moorthy20vasanth@gmail.com>"sathishkumar721990"<sathishkumar721990@gmail.com>"kannadhasan2008"<kannadhasan2008@gmail.com>"mayankscb"<mayankscb@gmail.com>"praneshgopalakrishna"<pranesh.gopalakrishna@gmail.com>
"mechstermano"<mechstermano@gmail.com>"kuldeepoffical398"<kuldeep.offical398@gmail.com>"msmanonmani"<ms.manon.mani@gmail.com>"rvkesh1983"<rvkesh1983@gmail.com>"9650210441rp"<9650210441.rp@gmail.com>"rashtrapalshinde7"<rashtrapalshinde7@gmail.com>"rajasikkal87"<rajasikkal.87@gmail.com>"shivrajsarambale"<shivrajsarambale@gmail.com>"ashokg34"<ashok.g34@gmail.com>"sushilmishra9595"<sushil.mishra9595@gmail.com>"balamasterblaster"<balamasterblaster@gmail.com>"shibajidasyos"<shibajidas.yos@gmail.com>"hpragati05"<hpragati05@gmail.com>"murumuruga583"<murumuruga.583@gmail.com>"surathakumbhar"<surathakumbhar@gmail.com>"kolwadkarmegha"<kolwadkar.megha@gmail.com>"madhukasmoori"<madhu.kasmoori@gmail.com>"narvadeshwarp"<narvadeshwarp@yahoo.com>"vinothmtmr"<vinoth.mtmr@gmail.com>"muruvpt"<muruvpt@gmail.com>"rajasekark918"<rajasekark918@gmail.com>"saravananc50"<saravananc50@gmail.com>"jabastin89"<jabastin89@gmail.com>"ajaykumar1021"<ajaykumar1021@gmail.com>"francispvincent"<francispvincent@gmail.com>"mdiqbaldece"<mdiqbaldece@gmail.com>"troopsingh123"<troopsingh123@gmail.com>"avinashy568"<avinashy568@gmail.com>"kannan2704"<kannan.2704@gmail.com>"satizfame"<satiz.fame@gmail.com>"saranbabu1213"<saranbabu1213@gmail.com>"pandeyniraj2904"<pandeyniraj2904@gmail.com>"dinesheee008"<dinesheee008@gmail.com>"msdhandapani656"<msdhandapani656@gmail.com>"sathieshmpt"<sathiesh.mpt@gmail.com>"manishsharma2543"<manishsharma2543@gmail.com>"mathiazhaganc"<mathiazhagan.c@outlook.com>"jeevarethinam"<jeevarethinam@hotmail.com>"syedlatif3"<syedlatif3@gmail.com>"nshimpex"<nshimpex@gmail.com>"indianimran1989"<indian.imran1989@gmail.com>"mubaruckali2008"<mubaruckali2008@gmail.com>"udhay_saji2000"<udhay_saji2000@yahoo.com>"erling542"<erling542@gmail.com>"sharankumar182"<sharankumar182@gmail.com>"sathishpbideveloper"<sathish.pbideveloper@gmail.com>"rajkamalgovindarajan"<rajkamalgovindarajan@gmail.com>"nagore1to9"<nagore1to9@gmail.com>"yasingalaxy"<yasingalaxy@gmail.com>"gopunath"<gopunath@gmail.com>"richardsonbwc2020"<richardsonbwc2020@gmail.com>"sankaranand28"<sankaranand28@gmail.com>"vinothsurya8148"<vinothsurya8148@gmail.com>"shashiyadav128"<shashiyadav128@gmail.com>"mchandrasekar18"<mchandrasekar18@gmail.com>"arivu5475"<arivu5475@gmail.com>"guptaravikumar185"<guptaravikumar185@gmail.com>"aak8245020"<aak8245020@gmail.com>"shakenisar216"<shakenisar216@gmail.com>"rrajdeep"<rrajdeep@yahoo.co.uk>"mahdemajali08"<mahdemajali08@gmail.com>"rajesh_micbio"<rajesh_micbio@yahoo.co.in>"rajadurai476"<rajadurai476@gmail.com>semanathan006@gmail.com"dk3571"<dk3571@gmail.com>"renuprabhunagendra962"<renu.prabhunagendra962@gmail.com>"rajkamalnavaneetham"<rajkamalnavaneetham@gmail.com>"baskerdurairaj"<baskerdurairaj@gmail.com>"prosenjit0606"<prosenjit.0606@gmail.com>"bhatoray"<bhatoray@gmail.com>"rajkamalbalaraman"<rajkamal.balaraman@gmail.com>"avinbhat11"<avinbhat11@gmail.com>"jayarajvijayarun"<jayaraj.vijayarun@gmail.com>"chethankumargd"<chethankumar.gd@gmail.com>"kaduswap"<kadu.swap@gmail.com>"raj96630"<raj96630@gmail.com>"sanjaykumarpatra"<sanjaykumar.patra@gmail.com>"nidhinalex"<nidhinalex@gmail.com>"prasadshyam07"<prasadshyam07@gmail.com>"balamanyan"<bala.manyan@gmail.com>"cascvdy"<cascvdy@hotmail.com>"sharmabharath"<sharmabharath@yahoo.com>"pjakate"<pjakate@gmail.com>"ksckrao"<ksckrao@gmail.com>"avimpatil"<avi.m.patil@gmail.com>"agopinath151188"<agopinath151188@gmail.com>"anilbh77"<anilbh77@gmail.com>"lonkarchintamani"<lonkarchintamani@gmail.com>"sunitmoghe"<sunit.moghe@gmail.com>"dibakarsaha"<dibakarsaha@gmail.com>"rajeshpayyur"<rajeshpayyur@gmail.com>"rajaramana005"<rajaramana005@gmail.com>"syhipharmacist"<syhi.pharmacist@gmail.com>"ravigaikwad20"<ravigaikwad20@gmail.com>"mitradb"<mitradb@gmail.com>"ssriram69"<ssriram69@rediffmail.com>"yash_kathuria"<yash_kathuria@yahoo.com>"cashankargoyal"<ca.shankargoyal@gmail.com>"cecilwilfred"<cecilwilfred@gmail.com>"priyankagitay"<priyanka.gitay@gmail.com>"dey_arghya111"<dey_arghya111@yahoo.co.in>"ndas1072"<ndas1072@gmail.com>"negi_27"<negi_27@yahoo.com>"sumit3647"<sumit3647@rediffmail.com>"talok1986"<t.alok1986@gmail.com>"reniwalvaibhav"<reniwalvaibhav@gmail.com>"abhikarsha"<abhikarsha@gmail.com>"pnair630"<pnair630@gmail.com>"syedishtiahmed"<syedishti.ahmed@gmail.com>"srikanthlaxminrayan"<srikanthlaxminrayan@gmail.com>"pritilaxmi14"<pritilaxmi14@gmail.com>"anandvivek"<anand.vivek@ymail.com>"nayak1168"<nayak1168@gmail.com>"sureshpalwankar"<suresh.palwankar@gmail.com>"vikpat59"<vikpat59@gmail.com>"dilipkumarsharmaramaraju"<dilipkumarsharmaramaraju@gmail.com>"vsd3273"<vsd3273@gmail.com>"tushtrupti17"<tushtrupti17@gmail.com>"vsumanani"<v.suman.ani@gmail.com>"divinevora"<divinevora@gmail.com>"kaushikkrsinha"<kaushik.kr.sinha@gmail.com>"sridhar002000"<sridhar002000@gmail.com>"ajcool27"<ajcool27@gmail.com>"gururao_kh"<gururao_kh@rediffmail.com>"sampathkonakanchi"<sampath.konakanchi@gmail.com>"nirajtw"<nirajtw@gmail.com>
"ranjeetgupta2025"<ranjeet.gupta2025@gmail.com>"nmvgopal114"<nmvgopal114@gmail.com>"singhraman0402"<singhraman0402@gmail.com>"rajeshwarraina"<rajeshwarraina@hotmail.com>"akshaysukhtankar"<akshay.sukhtankar@gmail.com>"alokchandra2"<alokchandra2@gmail.com>"kgskumartvm"<kgskumartvm@gmail.com>"ravirajcareers"<ravirajcareers@gmail.com>"tariqtaha2"<tariq.taha2@gmail.com>"rojalinswain863"<rojalin.swain863@gmail.com>"shabinachogale"<shabina.chogale@gmail.com>"sachinpatil20"<sachin.patil20@gmail.com>"dasrajarshi27"<das.rajarshi27@gmail.com>"sairamnagpal1985"<sairamnagpal1985@gmail.com>"vthakurind"<vthakur.ind@gmail.com>"abhaymunje"<abhaymunje@gmail.com>"aaamanoj"<aaamanoj@gmail.com>"mukeshmishra82"<mukesh.mishra82@gmail.com>"yogeshj7"<yogeshj7@gmail.com>"nbhaskarn8"<nbhaskar.n8@gmail.com>"vinodrathod20121972"<vinodrathod20121972@gmail.com>"paulprodyutpaul01"<paulprodyutpaul01@gmail.com>"maheshpsupe"<maheshpsupe@gmail.com>"ranasachin2427"<rana.sachin2427@gmail.com>"urwithbasu"<urwithbasu@yahoo.co.in>"kedark999"<kedark999@gmail.com>"bhatiasatyesh"<bhatiasatyesh@gmail.com>"ravindrakattimani63"<ravindra.kattimani63@gmail.com>"junaidfchowdhury"<junaid.f.chowdhury@gmail.com>"rajaaks"<rajaaks@yahoo.co.in>"techfortunem"<techfortune.m@gmail.com>"amittotade"<amit.totade@gmail.com>"messagepraveen"<messagepraveen@gmail.com>"sinha26ashu"<sinha.26.ashu@gmail.com>"cartinec"<cartinec@gmail.com>"tamalmukherjee2007"<tamalmukherjee2007@gmail.com>"prnbmondal"<prnbmondal@gmail.com>mdpatil9997"<mdpatil9997@gmail.com>"lingarajtv"<lingaraj.tv@gmail.com>"vaditham"<vaditham@gmail.com>"rajeshgudape"<rajesh.gudape@gmail.com>"viraj2285"<viraj2285@gmail.com>"srivastavaravindra53"<srivastavaravindra53@gmail.com>"mangesh_pansare"<mangesh_pansare@yahoo.com>"nitincparab"<nitincparab@gmail.com>"selvaani86"<selva.ani86@gmail.com>"suchitjoshi"<suchit.joshi@gmail.com>"parassh"<paras.sh@gmail.com>"ajaykrishnanb"<ajaykrishnan.b@gmail.com>"nandughume099"<nandughume099@gmail.com>"ssp2905"<ssp2905@gmail.com>"sharanyaddoreswamy"<sharanyad.doreswamy@gmail.com>"amitaibs"<amitaibs@gmail.com>"s20chatterjee"<s.20chatterjee@gmail.com>"lance_fernandes2000"<lance_fernandes2000@yahoo.com>"avrajit98028"<avrajit98028@gmail.com>"pratikgoswami0212"<pratik.goswami0212@gmail.com>"manoj5762"<manoj5762@gmail.com>"faisalmdt"<faisalmd.t@gmail.com>"sumit_narayan"<sumit_narayan@icloud.com>sumitnarayan2006@gmail.com,"choudharydinesh2003"<choudharydinesh2003@gmail.com>"iamvvinay"<iamvvinay@gmail.com>"mkmanishr"<mk.manishr@gmail.com>"ravikant0405"<ravikant0405@gmail.com>"parthamukh3"<parthamukh3@gmail.com>"tejas3155"<tejas3155@gmail.com>"nareshjaiswaletrx"<nareshjaiswaletrx@gmail.com>"eretxsharma86"<er.etxsharma86@gmail.com>subhadeepchatterjee"<subhadeepchatterjee@hotmail.com>"psutradharhk7"<psutradharhk7@gmail.com>"lokeshbhut"<lokeshbhut@gmail.com>"joshu4455"<joshu4455@gmail.com>"swethasuvarna"<swetha.suvarna@gmail.com>"amolwidu"<amolwidu@gmail.com>"anirbannitche"<anirban.nit.che@gmail.com>"vijaymvkajay"<vijaymvkajay@gmail.com>"manu_82in"<manu_82in@rediffmail.com>"narayanhawal"<narayan.hawal@gmail.com>"randhirritesh"<randhir.ritesh@yahoo.in>"himanshu69"<himanshu69@gmail.com>"sharmakuldeep108"<sharmakuldeep108@gmail.com>"jeevantchaudhari"<jeevantchaudhari@gmail.com>"rohitkverma1985"<rohitkverma.1985@gmail.com>"rishimishra291088"<rishimishra291088@gmail.com>"ramprasadgkrishnan"<ramprasad.g.krishnan@gmail.com>"khaleelruzma"<khaleel.ruzma@gmail.com>"vijaysgawli"<vijay.s.gawli@gmail.com>"ravishchoudhary"<ravishchoudhary@gmail.com>"rejisnadar"<rejis.nadar@gmail.com>"mnshvac"<mnshvac@gmail.com>"sanjaygayasen"<sanjaygayasen@gmail.com>"nitinkumthekar"<nitinkumthekar@yahoo.com>"archana9shri"<archana9.shri@gmail.com>"srimantac78"<srimantac78@gmail.com>"jeyakumar8189"<jeyakumar8189@gmail.com>"swainybhai"<swainybhai@gmail.com>"shirsatdattprasad3"<shirsatdattprasad3@gmail.com>"diveshkherwal"<diveshkherwal@hotmail.com>"chdevi1989"<chdevi1989@gmail.com>"brijeshpatil"<brijeshpatil@yahoo.com>poojajaindatascience"<poojajain.datascience@gmail.com>"gandhianandm"<gandhi.anand.m@gmail.com>"vipulkanchan"<vipul.kanchan@gmail.com>"talk2rahulkumar"<talk2rahul.kumar@gmail.com>"priyamisra2008"<priya.misra2008@gmail.com>"ashirish1982"<ashirish1982@gmail.com>"githeshaadwik"<githeshaadwik@gmail.com>"sundar9185"<sundar9185@gmail.com>"rath2535"<rath2535@gmail.com>"ppandhi"<ppandhi@rediffmail.com>"drpatilpb55"<drpatilpb55@gmail.com>"joshiankus"<joshiankus@gmail.com>"pramodhellur"<pramodh.ellur@gmail.com>"neerajin2002in"<neerajin2002in@gmail.com>"shantirekapally"<shanti.rekapally@gmail.com>"pankhurimonty"<pankhuri.monty@gmail.com>"suman_boptm"<suman_boptm@rediffmail.com>"kabhimanyu8"<kabhimanyu8@gmail.com>"cascvdy"<cascvdy@hotmail.com>"karpreet"<karpreet@gmail.com>"schellappan74"<schellappan74@gmail.com>"tanujalagh"<tanuj.alagh@gmail.com>"vakumar1978"<vakumar1978@gmail.com>"dyamannas"<dyamannas@gmail.com>
"smchakrapani"<smchakrapani@gmail.com>"cnvinithkumar"<cnvinithkumar@gmail.com>"pushpanjalibelgaum"<pushpanjali.belgaum@gmail.com>"ykrai01"<ykrai01@gmail.com>"rajinblr"<rajinblr@gmail.com>"frazzaqshara"<frazzaqshara@gmail.com>"vinod290578"<vinod290578@yahoo.co.in>"arvindkumarsampath"<arvindkumar.sampath@gmail.com>"ravikale80"<ravikale80@gmail.com>"m03anjeet"<m03anjeet@gmail.com>"tsbabitha09"<tsbabitha.09@gmail.com>"jimmicarter"<jimmicarter@gmail.com>"grdsbanerjee"<grds.banerjee@gmail.com>"lohithk84"<lohith.k84@gmail.com>"surendranathgawas"<surendranath.gawas@gmail.com>"vyas_dev2005"<vyas_dev2005@hotmail.com>"virendrasharma81"<virendrasharma81@gmail.com>"iqbal_qadir12345"<iqbal_qadir12345@yahoo.com>"anjanisalvia"<anjanisalvia@gmail.com>"alasandroid"<alas.android@gmail.com>"savithripramod"<savithripramod@gmail.com>"cb2824cro"<cb2824cro@gmail.com>"keiajai"<keiajai@gmail.com>"ravibakraniya09"<ravi.bakraniya09@gmail.com>"sashi799"<sashi.799@rediffmail.com>"snehashishroy06"<snehashishroy06@gmail.com>"biswasoffpune"<biswasoff.pune@gmail.com>"sinhamanjeet"<sinha.manjeet@gmail.com>"aniruddhalearn"<aniruddha.learn@gmail.com>"sanjoyghosh110170"<sanjoyghosh110170@gmail.com>"milind_yadav"<milind_yadav@rediffmail.com>"anandkrishna"<anandkrishna@ymail.com>"sangrambs0180"<sangrambs0180@gmail.com>"sanansenitin279"<sananse.nitin279@gmail.com>"s9820129026"<s9820129026@yahoo.com>"gargabhishek04"<garg.abhishek04@gmail.com>"santhosh35222"<santhosh35222@gmail.com>"mustafahussainin"<mustafahussainin@gmail.com>"saikatscm"<saikatscm@gmail.com>"nagamabhishek1989"<nagamabhishek1989@gmail.com>"sureshrao2005"<suresh.rao2005@gmail.com>"webcognos1981"<webcognos.1981@gmail.com>"priyansusudeep"<priyansu.sudeep@gmail.com>"vggunupudi"<vggunupudi@gmail.com>"jvarathan"<jvarathan@gmail.com>"anoopsha11"<anoopsha11@yahoo.com>"manav_vishal"<manav_vishal@yahoo.co.in>"sapsolsivam999"<sapsolsivam999@gmail.com>"walunjvish81"<walunjvish81@gmail.com>"sb_warad"<sb_warad@yahoo.co.in>"10preetiagarwal1985"<10preetiagarwal1985@gmail.com>"balasabhanchanale"<balasab.hanchanale@gmail.com>"rajibabumdu"<rajibabumdu@gmail.com>"jebadavidmca"<jebadavidmca@gmail.com>"vivekarya4u"<vivekarya4u@gmail.com>"vineetsinha86"<vineet.sinha86@gmail.com>"naeemsk5"<naeem.sk5@gmail.com>"chandanghosh1963"<chandanghosh1963@gmail.com>"vineetsherring"<vineet.sherring@gmail.com>"manish900"<manish900@hotmail.com>"shazsaher"<shaz.saher@gmail.com>"ashishrijhwani"<ashish.rijhwani@gmail.com>"rejijohn247"<rejijohn247@gmail.com>"anjansahani2706"<anjan.sahani2706@gmail.com>"pramoddwivedister"<pramoddwivedister@gmail.com>"m4naveen"<m4naveen@gmail.com>"chandro35"<chandro35@gmail.com>"vimalviswanathan87"<vimalviswanathan87@gmail.com>"soundararajan126"<soundararajan126@gmail.com>"amitavasamadder"<amitava.samadder@gmail.com>"atisrinivas9"<atisrinivas9@yahoo.com>"ggayag20"<ggaya.g20@gmail.com>"sachinkverma"<sachink.verma@gmail.com>"pradipkurian"<pradipkurian@hotmail.com>"niranjanorit"<niranjanorit@gmail.com>"nilaapraj"<nilaapraj@gmail.com>"dafalsandeep"<dafalsandeep@gmail.com>"brijeshsoni"<brijesh.soni@gmail.com>"harishkumarpk55"<harishkumarpk55@gmail.com>"arunticktock"<arunticktock@gmail.com>"saaki8588"<saaki8588@gmail.com>"vinay12s"<vinay12s@gmail.com>"balireddy19"<balireddy19@gmail.com>"prashantcpatil3524"<prashantcpatil3524@gmail.com>"kamalmendiratta7"<kamalmendiratta7@gmail.com>"mail2johnpaul"<mail2johnpaul@gmail.com>"gijuninan"<gijuninan@gmail.com>"godwindinesh3886"<godwin.dinesh3886@gmail.com>"vishalpatil0611"<vishalpatil0611@gmail.com>"raghasri2009"<raghasri2009@gmail.com>"madhavendralucknow"<madhavendra.lucknow@gmail.com>"bhattacharjeepratap"<bhattacharjee.pratap@gmail.com>"rramnaney"<rramnaney@gmail.com>"dwijendrapandey1237"<dwijendra.pandey1237@gmail.com>"kdpandey"<kd.pandey@rediffmail.com>"pkamarkar"<pkamarkar@gmail.com>"zaheerpvh"<zaheerpvh@gmail.com>"anaikindia"<anaikindia@gmail.com>"ankit12_agr"<ankit12_agr@yahoo.co.in>"aniketjoshi15"<aniketjoshi15@gmail.com>"nittinz"<nittinz@gmail.com>"vaibhavmsrivastava"<vaibhavmsrivastava@gmail.com>"prithsany"<prithsany@gmail.com>"santoshbandal411"<santosh.bandal411@gmail.com>"sateeshpallem"<sateesh.pallem@gmail.com>"vivekpoddar35"<vivekpoddar35@gmail.com>"phanichandrudu"<phanichandrudu@gmail.com>"karthicrajabe"<karthicrajabe@gmail.com>"dixit22"<dixit.22@gmail.com>"sathyastartup"<sathyastartup@gmail.com>"kiranelag"<kiran.elag@rediffmail.com>"kirthi612"<kirthi612@gmail.com>"mittten77"<mittten77@gmail.com>"surbhishakya"<surbhi.shakya@gmail.com>"singhhemendra8"<singhhemendra8@gmail.com>"raveendranrangan"<raveendranrangan@gmail.com>"chrisdany"<chris.dany@gmail.com>"sheggavadi01"<sheggavadi01@gmail.com>"sranjali"<sranjali@gmail.com>"hrsikesa2020"<hrsikesa2020@gmail.com>"paras30arora"<paras30arora@gmail.com>"mahavirnardekar"<mahavir.nardekar@gmail.com>"akdjec"<akdjec@gmail.com>"vardhankvv"<vardhankvv@gmail.com>"chandanmishra2016"<chandan.mishra2016@outlook.com>
"infotoshan"<infotoshan@gmail.com>"pbhattie5"<pbhattie5@gmail.com>"sathish615"<sathish.615@gmail.com>"vinothpandiaraj86"<vinoth.pandiaraj86@gmail.com>"tsrajanganesh"<tsrajanganesh@yahoo.com>"ishitabansalme"<ishitabansal.me@gmail.com>"giribhan"<giribhan@gmail.com>"sharmasupern"<sharmasupern@gmail.com>"samacp"<samacp@gmail.com>"parasu2006"<parasu2006@rediffmail.com>"nsm2101"<nsm2101@gmail.com>"vidushichauhan3012"<vidushi.chauhan.3012@gmail.com>"pradeeppreet"<pradeep.preet@gmail.com>"bagchiaradhya2012"<bagchiaradhya2012@gmail.com>"gavinntn"<gavinntn@gmail.com>"sunilkumar25"<sunil.kumar25@gmail.com>"swapnilrajemahadik"<swapnil.rajemahadik@gmail.com>"gauravmkt"<gauravmkt@gmail.com>christolee2005"<christo.lee2005@gmail.com>"santoshksoni"<santosh.k.soni@gmail.com>"lubnashiraz17"<lubna.shiraz17@yahoo.com>"pradees86"<pradees86@gmail.com>"talatisapan189"<talati.sapan189@gmail.com>"telwalaravi"<telwalaravi@yahoo.com>"nchaudharyonline"<nchaudharyonline@yahoo.com>"gauravdivyansh1982"<gauravdivyansh1982@gmail.com>"mehervez"<mehervez@gmail.com>"sarikadusane06"<sarikadusane06@gmail.com>"sukanya4186"<sukanya4186@gmail.com>"veth_raj"<veth_raj@yahoo.com>"skumargautam"<skumar.gautam@gmail.com>"rajesh8123"<rajesh8123@gmail.com>"amishojha902"<amish.ojha902@gmail.com>"richacjainjobs"<richacjain.jobs@gmail.com>"itzprakashvaranasi"<itzprakashvaranasi@gmail.com>"upakulmedhi"<upakul.medhi@gmail.com>"djmishra25"<djmishra25@gmail.com>"deepakbarhate"<deepak.barhate@gmail.com>"guru_232000"<guru_232000@yahoo.co.in>"vikasuman2001"<vikasuman2001@gmail.com>"kar2sandeep"<kar2.sandeep@gmail.com>"mpasam73"<mpasam.73@gmail.com>"lguptapma"<lgupta.pma@gmail.com>"maninderssingh89"<maninder.ssingh89@gmail.com>"bonafideamit"<bonafide.amit@gmail.com>"vikas_dhiman11"<vikas_dhiman11@yahoo.co.in>"97harsh"<97.harsh@gmail.com>"aparnamathur08"<aparna.mathur08@gmail.com>"gkbhuvanesh"<gkbhuvanesh@yahoo.com>"shaileshsupekar"<shailesh.supekar@gmail.com>"udaykalosae"<udaykalosae@gmail.com>"arunrkm"<arunrkm@gmail.com>"krmaheshb"<kr.mahesh.b@gmail.com>"meherabhik"<meher.abhik@gmail.com>"sandeeppatil8114"<sandeeppatil8114@gmail.com>"dharmendarjain"<dharmendar.jain@gmail.com>"rohitknl17"<rohitknl17@gmail.com>"venkatponn"<venkat.ponn@gmail.com>"chitvanpatel"<chitvanpatel@yahoo.co.in>"arvindsalunke284"<arvindsalunke284@gmail.com>"cvenkateswarareddy24"<cvenkateswarareddy24@gmail.com>"sarubhbajaj"<sarubhbajaj@gmail.com>"chaminda_piyasena"<chaminda_piyasena@yahoo.co.in>"kasturiekoltey"<kasturie.koltey@gmail.com>"anjanbose86"<anjanbose86@gmail.com>"sanj_schumi"<sanj_schumi@rediffmail.com>"sivareddy9481"<sivareddy9481@gmail.com>"semgupta"<semgupta@gmail.com>"cwajpr"<cwajpr@gmail.com>"jobsraj07"<jobs.raj07@gmail.com>raj_shasi_raju@yahoo.com,"amritadash11"<amrita.dash11@gmail.com>"sat_kan83"<sat_kan83@yahoo.co.in>"sasidharareddy"<sasidharareddy@gmail.com>"rajeshprakashsaxena"<rajeshprakashsaxena@gmail.com>"peeyushnirdosh"<peeyush.nirdosh@gmail.com>"duttavst"<duttavst@gmail.com>"sandeepanand1985"<sandeepanand1985@gmail.com>"bhawnac1978"<bhawna.c1978@gmail.com>"shrutirkatti"<shruti.r.katti@gmail.com>"jitenderkumar2001"<jitender.kumar2001@gmail.com>"mhk1972"<mhk1972@rediffmail.com>"mgsadani0530"<mgsadani0530@gmail.com>"munishmalhotra105"<munishmalhotra105@gmail.com>"tankdevang"<tankdevang@gmail.com>"bhushanshikeria"<bhushan.shikeria@gmail.com>"latahiraji"<latahiraji@yahoo.com>"shashiprakash17"<shashiprakash17@gmail.com>"gkyogeesha"<gkyogeesha@gmail.com>"navween"<navween@gmail.com>"thomasmjoseph"<thomasmjoseph@gmail.com>"kamleshnighojkar"<kamlesh.nighojkar@gmail.com>"pratushgarg"<pratushgarg@gmail.com>"supriyodam69"<supriyodam69@gmail.com>"shabibilly"<shabibilly@gmail.com>"sarojpanda08"<sarojpanda08@gmail.com>"nileshg5ns"<nileshg5.ns@gmail.com>"devesh_812000"<devesh_812000@yahoo.co.in>"mohammedaltafullah"<mohammedaltafullah@live.in>"suryakant9657728870"<suryakant9657728870@gmail.com>"devesh1967"<devesh1967@gmail.com>"strivash1986"<strivash1986@gmail.com>"ashupemmaraju"<ashupemmaraju@gmail.com>"ksudheerk"<k.sudheerk@gmail.com>"ahmadkhanfarhan"<ahmadkhan.farhan@gmail.com>"dineshmba74"<dinesh.mba74@gmail.com>"sanjaypatankar"<sanjaypatankar@rediffmail.com>"pardeeppathakmohan"<pardeeppathakmohan@gmail.com>"bagavathycts"<bagavathy.cts@gmail.com>"sumanmjain"<suman.m.jain@gmail.com>"rakeshpatelbcamca"<rakeshpatelbca.mca@gmail.com>"sankethnayak"<sanketh.nayak@rediffmail.com>"joinsujit"<joinsujit@gmail.com>"ayeshatabassum2010"<ayesha.tabassum2010@gmail.com>"abhinandanys"<abhinandan.ys@gmail.com>"gurupriya00"<gurupriya00@gmail.com>"gracemalini"<gracemalini@yahoo.co.in>"banerjeeshivaji"<banerjeeshivaji@gmail.com>"anumohanan"<anu.mohanan@gmail.com>"nibeditapanda333"<nibeditapanda333@gmail.com>"muralikumarnarayanan1"<muralikumar.narayanan1@gamil.com>chan_prashanth"<chan_prashanth@yahoo.com>"radhakborra"<radhak.borra@gmail.com>"sherinkm"<sherinkm@gmail.com>"vyawaharemr"<vyawaharemr@gmail.com>
"sramjimails"<sramjimails@gmail.com>"sudhirpachouri27"<sudhir.pachouri27@gmail.com>"rayneiden"<rayneiden@gmail.com>"asutosh2211"<asutosh2211@gmail.com>"sanbody007"<sanbody007@gmail.com>"jagadeeshrachumallu"<jagadeesh.rachumallu@yahoo.com>"sbjayant"<sbjayant@gmail.com>"deepakraaj"<deepakraaj@gmail.com>"sunilwar"<sunil.war@gmail.com>"gururaj_pai"<gururaj_pai@hotmail.com>"deepak_durai"<deepak_durai@yahoo.com>"manishpatawari"<manishpatawari@gmail.com>"tapish79_99"<tapish79_99@yahoo.com>"hirenramani01"<hirenramani01@gmail.com>"kirubanithi101"<kirubanithi101@gmail.com>"vkumar157"<vkumar157@rediffmail.com>"pratibha74"<pratibha74@gmail.com>"abhijitsarkar5000"<abhijit.sarkar5000@gmail.com>"sourabhvarshney"<sourabhvarshney@gmail.com>"sav7778"<sav7778@gmail.com>"satishprasad4"<satishprasad4@gmail.com>"akaushal80"<akaushal80@gmail.com>"sanjaysinha1966"<sanjaysinha1966@yahoo.co.in>"magalingamk1973"<magalingamk1973@gmail.com>"vivekkhare22"<vivekkhare22@gmail.com>"sainitinram"<sainitinram@gmail.com>"sandeepbanerrjee"<sandeepbanerrjee@gmail.com>"rsandeepr"<rsandeep.r@gmail.com>"rakshesh"<rakshesh@gmail.com>"prashanthkumar06"<prashanthkumar06@gmail.com>shafi_inamdar"<shafi_inamdar@hotmail.com>"srivastavashreyance"<srivastava.shreyance@gmail.com>twishammukh2009"<twishammukh2009@gmail.com>"navanathkurle"<navanath.kurle@gmail.com>"kausikray1"<kausik.ray1@gmail.com>"sh_modak"<sh_modak@yahoo.com>"vermaramakrishna"<vermaramakrishna@gmail.com>"nk_pathak"<nk_pathak@hotmail.com>"sdsingh01"<sdsingh01@gmail.com>"rajeevsrivasrtava"<rajeev.srivasrtava@gmail.com>"rathithakur1"<rathithakur1@gmail.com>"kafil_inamdar"<kafil_inamdar@rediff.com>"sukrito"<sukrito@gmail.com>"jipsy_14"<jipsy_14@yahoo.com>"pankajyadav06"<pankaj.yadav06@gmail.com>"arvindshingal"<arvind.shingal@gmail.com>"agrawalpreeti20"<agrawalpreeti20@gmail.com>"anupams330"<anupams3.30@gmail.com>"anuj2511"<anuj2511@gmail.com>"hellosudipto"<hellosudipto@gmail.com>"samjosepht"<samjosepht@gmail.com>neerajmalviya10"<neeraj.malviya10@gmail.com>"anoopkumarp"<anoopkumar.p@gmail.com>"robinplona"<robinplona@gmail.com>"rajivhgupta"<rajivhgupta@yahoo.co.in>"vishnusawant06"<vishnusawant06@gmail.com>"jigneshch2003"<jigneshch2003@gmail.com>"bsatyajit09"<bsatyajit09@gmail.com>"ramamoorthy6"<ramamoorthy6@gmail.com>"kkthepra"<kkthepra@gmail.com>"deepakvtimes"<deepakv.times@gmail.com>"pinakidatta1"<pinaki.datta1@gmail.com>"shaarmadiwakar"<shaarma.diwakar@gmail.com>"chandra005"<chandra005@yahoo.co.in>"sachdevaameetesh"<sachdevaameetesh@gmail.com>"chanakyatyagi"<chanakyatyagi@gmail.com>"archananam"<archananam@gmail.com>"jjabakumarvincent"<j.jabakumarvincent@kone.com>"vikramkarry"<vikram.karry@gmail.com>"im_friendforu"<im_friendforu@yahoo.co.in>"pinakidatta1"<pinaki.datta1@gmail.com>"karthik-d"<karthik-d@hotmail.com>"vidheyvtrivedi"<vidheyvtrivedi@gmail.com>"jitendrakumar0605"<jitendra.kumar0605@gmail.com>"ashishyinagupta"<ashishyinagupta@gmail.com>"sarmabalakrishna"<sarma.balakrishna@gmail.com>"crvenkatesh222"<crvenkatesh222@gmail.com>"amalrajdavidselvaraj"<amalraj.davidselvaraj@gmail.com>"marojusathya"<maroju.sathya@gmail.com>"chetanhpbhardwaj"<chetanhpbhardwaj@gmail.com>"gowtheeshksr"<gowtheeshksr@gmail.com>"dhimanramit07"<dhiman.ramit07@gmail.com>"romyjoseph1977"<romyjoseph1977@gmail.com>"cskcharan"<csk.charan@gmail.com>"abhaykhajuria"<abhaykhajuria@gmail.com>"gowdhaman1988"<gowdhaman1988@gmail.com>"kumaresangopalakrishnan1"<kumaresan.gopalakrishnan1@gmail.com>"imsinghmanish2588"<imsinghmanish2588@gmail.com>"moorthy2071"<moorthy2071@gmail.com>"rajmohamedr"<rajmohamedr@gmail.com>"amarkamble1"<amarkamble1@gmail.com>"ravindra3978"<ravindra3978@gmail.com>"mhk_immardchal"<mhk_immardchal@yahoo.co.in>"kuldipganorkar"<kuldip.ganorkar@rediffmail.com>"mailtoankita"<mailtoankita@gmail.com>"vsv20032003"<vsv20032003@gmail.com>kapilguptta5"<kapilguptta5@gmail.com>"shivenk"<shiven.k@live.in>"mukesh310777"<mukesh310777@gmail.com>"sbhatnagar2586"<sbhatnagar2586@gmail.com>"nileshgholve123"<nilesh.gholve123@gmail.com>"umeejay"<umee.jay@gmail.com>"sachin345alle"<sachin345alle@gmail.com>"rajasudarsan7"<rajasudarsan7@gmail.com>"ashokroy13579"<ashokroy13579@gmail.com>umeshchandrag"<umeshchandrag@gmail.com>"goutampatna"<goutam.patna@gmail.com>"anandmylswamy"<anand.mylswamy@gmail.com>"ravichvasu"<ravichvasu@gmail.com>"rajnishparihar03"<rajnish.parihar03@gmail.com>"iyapsse"<iyapsse@gmail.com>"bhushan234"<bhushan234@yahoo.com>manish_nainwal"<manish_nainwal@hotmail.com>nainwal.manish@gmail.com"anirbanchowdhury85"<anirban.chowdhury85@gmail.com>"ranganathmr1"<ranganathmr1@gmail.com>"abani14"<abani14@gmail.com>"ajcool27"<ajcool27@gmail.com>"rajkumarrattan"<rajkumarrattan@hotmail.com>"ranjanrajeev77"<ranjan.rajeev77@gmail.com>"parthiban81lavanya"<parthiban81.lavanya@gmail.com>"praveensuryan"<praveensuryan@gmail.com>"satish_pedapudi"<satish_pedapudi@rediffmail.com>"aditikaluskar10"<aditi.kaluskar10@gmail.com>"chdevi1989"<chdevi1989@gmail.com>
"karurrn7875"<karur.rn7875@gmail.com>"sunil210577"<sunil210577@gmail.com>"ramachandranjothi"<ramachandran.jothi@gmail.com>"ajaykumarsingh"<ajaykumarsingh@rediffmail.com>"suhasmmore"<suhas.m.more@gmail.com>"suryakantc"<suryakant.c@gmail.com>"soumitrabarman"<soumitrabarman@gmail.com>"joshianand1508"<joshianand1508@gmail.com>"prashanthna2009"<prashanthna2009@gmail.com>"rajendradash78"<rajendra.dash78@gmail.com>"bhagvangulave"<bhagvan.gulave@gmail.com>"kulkarnimalatesh"<kulkarnimalatesh@gmail.com>"akashdeep31"<akashdeep31@gmail.com>"nishitapotnis"<nishitapotnis@gmail.com>"shidda14"<shidda14@gmail.com>"newgalnet"<newgalnet@gmail.com>"dak2anshul"<dak2anshul@gmail.com>"ganeshprasadnikam"<ganeshprasadnikam@gmail.com>"adityajain0107"<adityajain0107@gmail.com>"swami18031972"<swami18031972@gmail.com>"amitsinghjsr"<amitsingh.jsr@gmail.com>"chiduruppasridhar"<chiduruppasridhar@gmail.com>"lokesh6223"<lokesh6223@gmail.com>"amitp0977"<amitp0977@gmail.com>"pareshlele"<paresh.lele@yahoo.co.in>"anandanbumani1"<anand.anbumani1@gmail.com>"pareshlele"<paresh.lele@yahoo.co.in>"manishooswal"<manish.ooswal@gmail.com>"sriv151"<sriv151@gmail.com>"sunnypanchgam"<sunny.panchgam@gmail.com>"mdmadhav"<mdmadhav@gmail.com>"vasanth8889"<vasanth.8889@gmail.com>"anesur"<anesur@gmail.com>"royathyd"<royathyd@gmail.com>"arunkoppisetti"<arun.koppisetti@gmail.com>"ranjeetprashi"<ranjeetprashi@gmail.com>"ponnappakokkalera"<ponnappakokkalera@gmail.com>"jojojacobp"<jojojacobp@gmail.com>"s_kantd"<s_kantd@yahoo.co.uk>siddharth.ramac@gmail.com,"vinayshinde30"<vinayshinde30@gmail.com>"yousuffis26"<yousuffis26@gmail.com>"bgiri24"<bgiri24@gmail.com>"nikhilrohinikar"<nikhil.rohinikar@gmail.com>"manju4evr"<manju4evr@gmail.com>"shubhkumar1989"<shubhkumar1989@gmail.com>"rbdhongdi111"<rbdhongdi111@gmail.com>"nitin275"<nitin275@gmail.com>"smitasinghsuryavanshi"<smitasinghsuryavanshi@gmail.com>"dheerajchoubey007"<dheerajchoubey007@yahoo.co.in>"shekhar82sjj"<shekhar82.sjj@gmail.com>"mohanraj1286"<mohanraj1286@gmail.com>"naidubevara65"<naidubevara65@gmail.com>"pramodthampi"<pramod.thampi@gmail.com>"dparashuram"<dparashuram@gmail.com>"prathishsritharan"<prathish.sritharan@gmail.com>"sek_3"<sek_3@rediffmail.com>"mukundanayak1970"<mukundanayak1970@gmail.com>"raviitheraizada"<raviitheraizada@gmail.com>"rohittripathi82"<rohittripathi82@gmail.com>"kupparavikiran"<kuppa.ravikiran@gmail.com>"sanjaydas079"<sanjaydas079@gmail.com>"patiln0702"<patiln0702@gmail.com>"shrilim"<shrilim@rediffmail.com>"manojsharms1983"<manojsharms1983@gmail.com>"sajith0907"<sajith0907@outlook.com>"priyankakrishna83"<priyankakrishna83@gmail.com>"reshmasharma1303"<reshma.sharma1303@gmail.com>"plbpashikanti"<plbpashikanti@yahoo.co.in>"mohanmah"<mohan.mah@gmail.com>"peace4divi"<peace4divi@gmail.com>"nagendravishwamitra"<nagendravishwamitra@gmail.com>"nehaagg87"<nehaagg.87@gmail.com>"vprabhupost"<vprabhu.post@gmail.com>"ashwiniadhikarala7"<ashwini.adhikarala7@gmail.com>"sandipanc4"<sandipanc4@gmail.com>"dassandeep20"<das.sandeep20@gmail.com>prabhuvenkateshg@gmail.com,"getlavan"<getlavan@gmail.com>"pkchaudharym"<pk.chaudharym@gmail.com>"apurbopauljohnny78"<apurbopauljohnny78@gmail.com>"prabhukandanur"<prabhu.kandanur@gmail.com>"savithasurs"<savithasurs@gmail.com>"ulaganayagi"<ulaganayagi@gmail.com>"shilpijss"<shilpijss@gmail.com>"anandwashikar"<anandwashikar@hotmail.com>vijayraghavendran"<vijay.raghavendran@gmail.com>"ghousesundhanishaik"<ghousesundhanishaik@gmail.com>"subramanyasharmapg"<subramanyasharma.pg@live.com>"abijitms"<abijit.ms@gmail.com>"shariefsada"<shariefsada@gmail.com>"ipalsaniya"<i.palsaniya@gmail.com>"debrajch2002"<debraj.ch2002@gmail.com>"jobsramnekkanti"<jobsramnekkanti@gmail.com>nekkantiramakumar@gmail.com,"purushothamthiru1"<purushotham.thiru1@gmail.com>"sudheerpmb"<sudheerpmb@gmail.com>"friedamanjaly02"<friedamanjaly02@gmail.com>"srajachen"<srajachen@gmail.com>"kiranwebsphere77"<kiran.websphere77@gmail.com>"patrosanjaya75"<patro.sanjaya75@gmail.com>"sampanner"<sampanner@gmail.com>"nikhilprabhat"<nikhilprabhat@gmail.com>varmanj9"<varma.nj9@gmail.com>"sabitha2203"<sabitha2203@gmail.com>dineshpatel023"<dineshpatel023@gmail.com>"sandipbahl123"<sandip.bahl123@gmail.com>"kpsureshdurai"<kp.suresh.durai@gmail.com>"ramamamilla2108"<rama.mamilla2108@gmail.com>"cnuchodey"<cnuchodey@gmail.com>"biplabalm"<biplabalm@gmail.com>"sunilkumargarg1966"<sunilkumargarg1966@gmail.com>"mk28kapoor"<mk28kapoor@gmail.com>"ankitagarwal01"<ankit.agarwal01@gmail.com>"harpreetkaushal"<harpreet.kaushal@gmail.com>"pawan3375"<pawan3375@gmail.com>"mohitramani"<mohitramani@gmail.com>"rajulpatel421"<rajulpatel421@gmail.com>"prem_kumar03"<prem_kumar03@yahoo.com>"sudhcs4u"<sudhcs4u@gmail.com>"ahinaraut"<ahinaraut@yahoo.co.in>"jennifernobelprakash"<jennifernobelprakash@gmail.com>"kevinharris74"<kevinharris74@outlook.com>"amit_sox10"<amit_sox.10@hotmail.com>"amitbece"<amitbece@gmail.com>"purushothamthiru"<purushotham.thiru@yahoo.co.in>
"sangani2k2"<sangani2k2@gmail.com>"rahulmalla3"<rahulmalla3@gmail.com>"modi"<modi@yahoo.com>"vishalsrivastava4484"<vishalsrivastava4484@gmail.com>"saileshmisri"<sailesh.misri@gmail.com>"sandeepanand1985"<sandeepanand1985@gmail.com>"gmpillai2010"<gmpillai2010@gmail.com>"tedlaprem"<tedlaprem@gmail.com>"jeevagana1"<jeevagana1@gmail.com>"ksnayak59"<ksnayak59@gmail.com>"umeshtg87"<umeshtg87@gmail.com>"nseshachalam"<nseshachalam@rediffmail.com>"debojyotic850"<debojyotic850@gmail.com>"sundipwarke"<sundipwarke@yahoo.com>"jebakumarbemech"<jebakumar.be.mech@gmail.com>"sharmamalvika"<sharmamalvika@rocketmail.com>nishita.modi@yahoo.com,Malvikasharma1205@gmail.com,"manojkumarg82"<manojkumarg82@gmail.com>"pashpuleti"<pashpuleti@gmail.com>"amit_p77"<amit_p77@yahoo.co.in>"dhwanikapoor"<dhwanikapoor@gmail.com>"dholwanibharti"<dholwanibharti@gmail.com>"cssharma786"<cssharma786@gmail.com>"abhishekamit82"<abhishek.amit82@gmail.com>"gvss261972"<gvss261972@gmail.com>"naveenkangokar"<naveenkangokar@yahoo.com>"maityps"<maity.ps@gmail.com>"kaarthikm"<kaarthikm@gmail.com>"shankarg24"<shankarg24@gmail.com>"rajkumar282"<rajkumar.282@gmail.com>"pravinmittal1984"<pravin.mittal1984@gmail.com>"sarojpanda08"<sarojpanda08@gmail.com>"varungupta626"<varun.gupta626@gmail.com>"kalagarr"<kalagarr@gmail.com>"kumarbikram"<kumar.bikram@gmail.com>"santoshkharma2000"<santoshkharma2000@gmail.com>"purconline"<purconline@gmail.com>"shankarpatil40"<shankarpatil40@gmail.com>"arnabkhasnobish"<arnabkhasnobish@gmail.com>"naiduleela83"<naiduleela83@gmail.com>"prasadshiv18"<prasad.shiv18@gmail.com>"devdattasarpotdar"<devdatta.sarpotdar@gmail.com>"ahs1979"<ahs1979@hotmail.com>"nilkamal23"<nilkamal23@gmail.com>"mal2singh"<mal2singh@gmail.com>"jitenbhati"<jitenbhati@gmail.com>"srinivasbanu30"<srinivasbanu30@gmail.com>"bhakatabhishek2"<bhakatabhishek2@gmail.com>"rrajendra1707"<rrajendra1707@gmail.com>"trilocmis"<trilocmis@gmail.com>"chitravinay94"<chitravinay94@gmail.com>"ayengar_ajay"<ayengar_ajay@yahoo.com>ahs1979@gmail.com,"santhoshshanmugham"<santhosh.shanmugham@gmail.com>"ismailmohamed026"<ismailmohamed026@gmail.com>"goredivya76"<goredivya76@gmail.com>"manudwaral"<manu.dwaral@gmail.com>"somabhatt"<somabhatt@gmail.com>"neerajyadav1983"<neerajyadav1983@gmail.com>"harrishroshan"<harrishroshan@googlemail.com>"manojsharma91"<manojsharma91@gmail.com>"sainadhperisetla"<sainadhperisetla@yahoo.com>"sinhaharish23"<sinhaharish23@gmail.com>"amitabhchaubey"<amitabhchaubey@gmail.com>"suyashtrivedi2000"<suyashtrivedi2000@gmail.com>"sushmulg"<sushmulg@gmail.com>sanjukhanke10"<sanju.khanke10@gmail.com>"harishsethi1"<harish.sethi1@gmail.com>"gansoham25"<gansoham25@gmail.com>palu77"<palu77@gmail.com>Sainadhperisetla@gmail.com,"tasneemfathimazm"<tasneemfathimazm@gmail.com>"logintokrishna"<logintokrishna@gmail.com>"mahesh1sheela"<mahesh1sheela@gmail.com>"sgadekar1981"<sgadekar1981@gmail.com>"hplakshay"<hplakshay@yahoo.com>"amarnammi"<amarnammi@gmail.com>"bhuvanasr"<bhuvana.sr@gmail.com>"rakesh_ranjan53"<rakesh_ranjan53@yahoo.com>"ravindrakothawade1973"<ravindra.kothawade1973@gmail.com>"souvikbiswas1"<souvikbiswas1@gmail.com>"madhuchadalawada"<madhu.chadalawada@gmail.com>"geetharanin"<geetha.ranin@gmail.com>"mangeshkakade"<mangeshkakade@gmail.com>"manishsharma2203ms"<manish.sharma2203.ms@gmail.com>"ajaysoffice87"<ajaysoffice87@gmail.com>"prasad_dir"<prasad_dir@outlook.com>"paularun128"<paul.arun128@gmail.com>vikaslog01"<vikaslog01@gmail.com>"manishdash1986"<manish.dash1986@gmail.com>"amitabh1987"<amitabh1987@gmail.com>"fazal1710"<fazal1710@gmail.com>"santhanamsenthil"<santhanamsenthil@gmail.com>"chaudharirr"<chaudhari.rr@gmail.com>"santoshkumarbp2015"<santoshkumarbp2015@gmail.com>"kumarrajeshmahindra"<kumarrajesh.mahindra@gmail.com>"sridharreddy100"<sridharreddy100@gmail.com>"kalyansamudram"<kalyansamudram@gmail.com>"bpranayreddy"<bpranayreddy@gmail.com>"pruthvidhar"<pruthvidhar@gmail.com>"maheshchakradeo"<maheshchakradeo@rediffmail.com>"prince4events"<prince4events@gmail.com>"casdd06"<casdd06@gmail.com>"kamalakannanannamalai"<kamalakannan.annamalai@gmail.com>"kumarsuraj9156"<kumarsuraj9156@gmail.com>"pradeepkumardas"<pradeep.kumar.das@gmail.com>"ashrafali76"<ashrafali76@hotmail.com>"srivatsamech"<srivatsa.mech@gmail.com>"pawan1770"<pawan1770@gmail.com>"smritig22"<smriti.g22@gmail.com>"mcha100"<mcha100@gmail.com>"inboxsabitha"<inboxsabitha@gmail.com>"pradeeppprabha"<pradeeppprabha@gmail.com>"arvindk4"<arvindk4@gmail.com>"sarveshjamdar"<sarvesh.jamdar@gmail.com>"badrishkrishna01"<badrish.krishna01@gmail.com>"brahmaji2005"<brahmaji2005@gmail.com>"sureshbaddula68"<suresh.baddula68@gmail.com>"kraviachary"<kraviachary@gmail.com>"ravin132"<ravin132@gmail.com>"shridharmurti"<shridharmurti@gmail.com>"premnathtj"<premnath.tj@gmail.com>"sharmabharath"<sharmabharath@yahoo.com>"vishalghai"<vishalghai@gmail.com>"cartinec"<cartinec@gmail.com>"manishwali"<manishwali@gmail.com>"dwivedisan1981"<dwivedisan1981@gmail.com>
"deepak403222"<deepak403222@gmail.com>"murarishyam"<murari.shyam@yahoo.com>"rraghucharan"<rraghucharan@gmail.com>"baranwalmukesh"<baranwal.mukesh@gmail.com>"ragavendra_sudha"<ragavendra_sudha@yahoo.co.in>"dkorate"<dkorate@bannerengineering.com>: ad_korate@rediffmail.com / dipak.korate@yahoomail.com,"yogeet_chandna"<yogeet_chandna@rediffmail.com>"swapankumar9423"<swapankumar9423@gmail.com>"kiranmpanda"<kiranmpanda@gmail.com>"dhodi360"<dhodi360@gmail.com>"varundhingra124"<varundhingra124@gmail.com>"amitsainig"<amitsainig@ymail.com>"pankajmthacker"<pankaj.m.thacker@gmail.com>"lubnashiraz17"<lubna.shiraz17@yahoo.com>"sureshdasappa4555"<suresh.dasappa4555@gmail.com>"avinashtiwari29"<avinashtiwari29@gmail.com>"sims1309"<sims.1309@gmail.com>"shyamsundran"<shyamsundran@gmail.com>"krkumar"<krkumar@rocketmail.com>"vidhusveet"<vidhusveet@gmail.com>"hjpanchal1970"<hjpanchal1970@gmail.com>"gocool20"<gocool20@gmail.com>"avi4frd"<avi4frd@gmail.com>"rashmibtech02"<rashmibtech02@gmail.com>"mrr1raomech"<mrr1raomech@gmail.com>"mailatjeevanm"<mailatjeevanm@gmail.com>"nitin_jalgaonkar"<nitin_jalgaonkar@yahoo.com>"rganesanpondy"<rganesanpondy@gmail.com>"sachinavale"<sachin.avale@gmail.com>"bizshreefabco"<biz.shreefabco@gmail.com>"ashokparu"<ashokparu@gmail.com>"jacksaurabh"<jack.saurabh@gmail.com>"rajivsingh"<rajivsingh@live.com>"nasirkhan119"<nasirkhan119@gmail.com>"adivakar14"<a.divakar14@gmail.com>"alister_carlisleg"<alister_carlisleg@yahoo.com>"srikanthcv25"<srikanth.cv25@gmail.com>"amitkmuk"<amit.k.muk@gmail.com>"soniabirla05"<sonia.birla05@gmail.com>"nivastr"<nivastr@gmail.com>"mubeenmudassar"<mubeenmudassar@outlook.com>"mubeenmudassar"<mubeenmudassar@outlook.com>,"riteshmujral"<riteshmujral@gmail.com>"rmuralidharan2023"<rmuralidharan2023@gmail.com>"rkanthr"<rkanthr@gmail.com>"kirancariappa80"<kirancariappa80@gmail.com>"shadab308"<shadab308@gmail.com>"vnahuja104"<vnahuja104@gmail.com>"ashishgupta3188"<ashish.gupta3188@gmail.com>"golakotimadhavi1984"<golakotimadhavi1984@gmail.com>"akdubey1826"<akdubey1826@gmail.com>"patilms1976"<patilms1976@gmail.com>"dhinneshmsc"<dhinneshmsc@gmail.com>"graghu623"<graghu623@gmail.com>"foram2810"<foram2810@gmail.com>"mohityadavbiw"<mohit.yadav.biw@gmail.com>"sentirthankar"<sen.tirthankar@gmail.com>"bhoopen4"<bhoopen4@gmail.com>"kedarshah9"<kedarshah9@gmail.com>"traacap"<traacap@gmail.com>"mageshjkm"<magesh.jkm@gmail.com>"anukoolr"<anukoolr@gmail.com>"asrshelar"<asr.shelar@gmail.com>"naidu1683"<naidu1683@gmail.com>"akshyi"<adamsakshay@gmail.com>,"amitameria"<amitameria@hotmail.com>amitameria@outlook.com,"mvrnarsimha"<mvrnarsimha@gmail.com>"nikhilganeriwal"<nikhil.ganeriwal@gmail.com>"santoshjadhav9"<santosh.jadhav9@gmail.com>"melval29"<melval29@gmail.com>"munjalgaurav9"<munjal.gaurav9@gmail.com>"avi123ballia"<avi123ballia@gmail.com>"innovatorprashant"<innovator.prashant@gmail.com>"ashamk"<asha.mk@gmail.com>"rohlaniakanchan"<rohlaniakanchan@gmail.com>"parthatitli1986"<parthatitli1986@gmail.com>"nambalavinayaka"<nambala.vinayaka@gmail.com>"kiranlawand84"<kiranlawand84@gmail.com>"asksenthil123"<ask.senthil123@gmail.com>"sureshsannasi"<suresh.sannasi@gmail.com>"rajendrajainn04"<rajendrajainn04@gmail.com>"etagi_suresh"<etagi_suresh@yahoo.co.in>E-Mail: bsskumarca2009@gmail.com,"mahesh86_jo"<mahesh86_jo@yahoo.com>"manjunathsugur"<manjunath.sugur@gmail.com>"shivshaktibhd"<shivshakti.bhd@gmail.com>"sshah1309"<sshah1309@gmail.com>"mrdas001"<mrdas001@gmail.com>"shaileng444"<shaileng444@gmail.com>shailendragadhave@gmail.com,"jaswinderpalmalik22"<jaswinderpalmalik22@gmail.com>"monikanahal1975"<monikanahal1975@gmail.com>"ug_sanjay"<ug_sanjay@yahoo.co.in>"shivrajkadam"<shivrajkadam@gmail.com>"iskanthzone"<iskanthzone@gmail.com>"pioneersai"<pioneersai@yahoo.com>"vs_chowdry"<vs_chowdry@yahoo.com>rvarunan@yahoo.co.in/ ,rvn0071432@gmail.com,"sunildutt144"<sunildutt144@gmail.com>"ankur0911"<ankur0911@gmail.com>"renucoenagarro"<renu.coenagarro@gmail.com> | renu.ch09@yahoo.com |"hpnifax"<hpnifax@gmail.com>hpnraj@yahoo.com ,"singhhask98"<singh.has.k98@gmail.com>"srimanta78"<srimanta78@rediffmail.com>srimantac78@gmail.com,"meenadeviarulselvam"<meenadevi.arulselvam@gmail.com>"bsudipta"<b.sudipta@rediffmail.com>"shrivastavarahulrocks"<shrivastavarahulrocks@gmail.com>"vramac1"<vramac1@gmail.com>"devendranathpandey271"<devendranath.pandey271@gmail.com>"sivajyothirmayip"<sivajyothirmayi.p@gmail.com>"parasarn"<parasarn@gmail.com>"rahuljiforyou"<rahuljiforyou@gmail.com>"abhipsitnishant"<abhipsit.nishant@gmail.com>"nitinchawde"<nitinchawde@gmail.com>"shilpakabade"<shilpa.kabade@gmail.com>"jigarmistry88"<jigarmistry88@gmail.com>"groverpuneet29"<grover.puneet29@gmail.com>"nikhilmoyal"<nikhilmoyal@gmail.com>"kaharsravi"<kahar.s.ravi@gmail.com>"abdul150375"<abdul150375@gmail.com>"samuelbraj"<samuelbraj@gmail.com>"rajamechz"<rajamechz@live.com>"bhumkar11"<bhumkar11@yahoo.com>"gksabai"<gksabai@gmail.com>"rknaveen"<rk.naveen@gmail.com>"musalesunil"<musalesunil@gmail.com>
"victorimmanuvel"<victor.immanuvel@gmail.com>"ruikarrahul00"<ruikar.rahul00@gmail.com>"naveenwagle"<naveen.wagle@gmail.com>"varunkale"<varun.kale@yahoo.com>"sanadiipsawarkar"<sanadiipsawarkar@gmail.com>"krroopesh"<kr.roopesh@gmail.com>"devivineetha4"<devivineetha4@gmail.com>"rramesh101"<rramesh101@gmail.com>"cheruvu2002"<cheruvu2002@gmail.com>"mkambriael"<mkambriael@gmail.com>"swamy"<swamy@hotmail.co.uk>swamy.siva@outlook.com,"roysourav0906"<roysourav0906@gmail.com>"kunalbangoriya"<kunal.bangoriya@gmail.com>"anujsaxen"<anujsaxen@gmail.com>"deeps1231in"<deeps1231in@gmail.com>Email: deepakbhutani121@gmail.com,"senthilapc"<senthil.apc@gmail.com>"arunrage"<arun.rage@gmail.com>"bhardwajbias"<bhardwaj.bias@gmail.com>"prasannashivswamy"<prasannashivswamy@gmail.com>"lalitkumar20"<lalitkumar20@gmail.com>"amolparab2580"<amolparab2580@gmail.com>"fordmrtnfm"<ford.mrtn.fm@gmail.com>"getkarthikeyan"<getkarthikeyan@gmail.com>"virendra8624"<virendra8624@gmail.com>"sandipnatural18"<sandipnatural18@gmail.com>"ashimamathur0311"<ashima.mathur0311@gmail.com>"brijneshpalsharma"<brijnesh.palsharma@gmail.com>"vgkking"<vgkking@gmail.com>"sundartvs"<sundartvs@gmail.com>"srinivasachcm"<srinivasach.cm@gmail.com>"kavithanchan75"<kavithanchan75@gmail.com>"bhartiguddu1406"<bhartiguddu1406@gmail.com>"walterjeeva"<walter.jeeva@gmail.com>"nigamprashant777"<nigamprashant777@gmail.com>"amitac2011"<amitac2011@gmail.com>"arshadaaf"<arshadaaf@gmail.com>"bhagyashrisp646"<bhagyashrisp646@gmail.com>"vishalghai2400"<vishalghai2400@gmail.com>"anitatiku"<anitatiku@gmail.com>"gauravsharma1685"<gauravsharma1685@gmail.com>"sowbogyabiotech"<sowbogyabiotech@yahoo.co.in>"sateeshd"<sateesh.d@rediffmail.com>"nanday74"<nanday74@gmail.com>bhatambrekarsneha@gmail.com,.,"satyagurucharan"<satya.gurucharan@gmail.com>"sreepadmavinay"<sreepadma.vinay@gmail.com>EMAIL podduturi.padma@gmail.com.,"mukulverdia"<mukul.verdia@gmail.com>"mituldas259"<mituldas259@gmail.com>"goswamibr002"<goswamibr002@gmail.com>"nnityanands"<nnityanands@gmail.com>"sovinguha"<sovinguha@outlook.com>soving@gmail.com,"kgkumar1969"<kgkumar1969@gmail.com>"yogeshkkate"<yogesh.k.kate@gmail.com>"banviv"<banviv@gmail.com>"aravinddecember1"<aravinddecember1@gmail.com>"sudhir164u"<sudhir164u@gmail.com>"mohdalihyder123"<mohdalihyder123@gmail.com>"rooparajendra"<roopa.rajendra@gmail.com>"sumanlahiri"<suman.lahiri@gmail.com>"moumitanandy78"<moumitanandy78@gmail.com>"arundomain22"<arundomain22@gmail.com>"swarupnandi1969"<swarupnandi1969@gmail.com>"satishprasad4"<satishprasad4@rediffmail.com>satishprasad4@gmail.com,"savitagorbade"<savita.gorbade@gmail.com>"desaimrugesh"<desaimrugesh@gmail.com>"vinoth2vino"<vinoth2vino@gmail.com>"vaibhavsharma1982"<vaibhavsharma1982@gmail.com>mahesh.sonawane01@gmail.com"apariki23"<apariki23@gmail.com>"sagaut"<sagaut@outlook.com>"sonalidatey04"<sonalidatey04@gmail.com>"deepadas06"<deepadas06@gmail.com>"kavithadeepak08"<kavithadeepak08@gmail.com>"saketspujari"<saketspujari@gmail.com>Email: tapasksarkar2@gmail.com,"satyawansuryawanshi"<satyawan.suryawanshi@gmail.com>"ranjeetkumar27"<ranjeetkumar27@gmail.com>"sathishthursday"<sathishthursday@gmail.com>"maniranjan81"<maniranjan81@gmail.com>"pallavipathak146"<pallavipathak146@gmail.com>"qazimasiuddin"<qazimasiuddin@hotmail.com>siddharthkalkar"<siddharthkalkar@hotmail.com>"shahnazsheikh75"<shahnaz.sheikh75@gmail.com>keyur482"<keyur482@gmail.com>"jagadesh134"<jagadesh134@gmail.com>"prasadnani"<prasad.nani@yahoo.com>"bhavinjoshi84"<bhavin.joshi84@gmail.com>"pingleprashant"<pingle.prashant@gmail.com>"aprabhakar004"<aprabhakar004@gmail.com>"salmanfirdousi"<salman.firdousi@gmail.com>"nikitajag"<nikitasaxena1975@gmail.com> "vinodrkurup"<vinodrkurup@rediffmail.com>"varadharajulut"<varadharajulut@gmail.com>"beheramranjan01"<behera.mranjan01@gmail.com>"rengasamyveeramuthu"<rengasamy.veeramuthu@gmail.com>"thamizhpriya"<thamizh.priya@gmail.com>"rakeshsawne"<rakesh.sawne@gmail.com>"atuldavid"<atuldavid@yahoo.com>"sowmyadev7"<sowmyadev7@gmail.com>atulp.gtm@gmail.com"varuns1980"<varuns1980@gmail.com>"shivammehra"<shivammehra@gmail.com>"venkateshmahankali005"<venkateshmahankali005@gmail.com>"neer_thakkar"<neer_thakkar@yahoo.co.in>"indranilmukh"<indranil.mukh@gmail.com>"hrpriya01"<hrpriya01@gmail.com>"akhiltripathi1213"<akhil.tripathi1213@gmail.com>"amolmmtt06"<amolmmtt06@gmail.com>"chopradevendra"<chopradevendra@gmail.com>"reynoldrajesh"<reynoldrajesh@gmail.com>"ajinsoft"<ajinsoft@gmail.com>ajinsing@hotmail.com,"ashwathappa_n"<ashwathappa_n@yahoo.co.in> ashwath2103@gmail.com, "akshayskd"<akshay.skd@gmail.com>"prakash12299"<prakash12299@gmail.com>"raghunathprasad49"<raghunathprasad49@gmail.com>"vamshitechspecialist"<vamshi.techspecialist@gmail.com>avelmurugan25"<a.velmurugan25@gmail.com>neha200785@gmail.com,"sanjeevreddy1234"<sanjeevreddy1234@gmail.com>"mltulasi"<ml.tulasi@gmail.com>: priyapritish@gmail.com, priyapritish@yahoo.co.in,"anish210"<anish210@gmail.com>"sam_gphilip"<sam_gphilip@yahoo.com>
"amukherjee27"<amukherjee27@gmail.com>"vipkuls"<vipkuls@gmail.com>"praveenantony77"<praveen.antony77@gmail.com>"ravichoragudi"<ravichoragudi@gmail.com>"amitshishodia01"<amitshishodia01@gmail.com>"rajuk24"<rajuk24@gmail.com>"cicilcherian"<cicil.cherian@gmail.com>"bharathbmsit"<bharath.bmsit@gmail.com>"anshumahajan1612"<anshumahajan1612@gmail.com>"ankurs8811"<ankur.s8811@gmail.com>"maabi"<maabi@yahoo.com>"premkumar8787b"<premkumar.8787b@gmail.com>"prashantnpti"<prashant.npti@gmail.com>"bhatraaghu"<bhat.raaghu@gmail.com>"harisharasu"<harish.arasu@gmail.com>"uma132"<uma132@gmail.com>"gopalpopati"<gopal.popati@gmail.com>"vasanthrko"<vasanthrko@gmail.com>"dkmalethia"<dkmalethia@gmail.com>"anandchandrawanshi"<anand.chandrawanshi@gmail.com>"mailramesh75"<mailramesh75@gmail.com>"priyankamithunns"<priyankamithunns@gmail.com>"raminjayin"<raminjayin@yahoo.com>"rmsaravanan2001"<rmsaravanan2001@gmail.com>"atekpeople"<atekpeople@gmail.com>"atulkadyan"<atulkadyan@gmail.com>"rharisankardas"<rharisankardas@gmail.com>"vjayaramraj"<vjayaramraj@gmail.com>"arun_dc"<arun_dc@yahoo.com>"sambhuroy"<sambhuroy@gmail.com>"kln1604"<kln1604@gmail.com>"pradeeppprabha"<pradeeppprabha@gmail.com>"jillanipny"<jillani.pny@gmail.com>"rakeshyadavpgdav"<rakeshyadav.pgdav@gmail.com>"arupsarkar"<arupsarkar@gmail.com>"itiskaushikray"<itiskaushikray@gmail.com>"chetna2304"<chetna.2304@gmail.com>"ktrao3474"<ktrao3474@gmail.com>"mvsrk99"<mvsrk99@gmail.com>"arun_c84"<arun_c84@yahoo.com>"vashisthakuldeep5"<vashisthakuldeep5@gmail.com>"mohananharish18"<mohananharish18@gmail.com>"deeptinandhu"<deepti.nandhu@gmail.com>"ravindravarmab"<ravindra.varmab@gmail.com>"siddharthramac"<siddharth.ramac@gmail.com>"msdrehman"<msdrehman@gmail.com>"bmanash"<b.manash@gmail.com>"swanandv24"<swanandv24@gmail.com>"vaibhavs443"<vaibhavs443@gmail.com>"ashakaushik"<asha.kaushik@gmail.com>"nazsutar"<nazsutar@gmail.com>"rahukrishcom"<rahukrishcom@gmail.com>"gaurav1977"<gaurav1977@gmail.com>"appunttf1007"<appunttf1007@gmail.com>vidyadhar17.kulkarni@gmail.com ,"kkj266"<kkj266@gmail.com>"ramappasridhar"<ramappasridhar@gmail.com>anupkumarc15"<anupkumarc15@gmail.com>"thalladaraju7"<thalladaraju7@gmail.com>"artidhere"<artidhere@gmail.com>"nimmigyanchandani"<nimmi.gyanchandani@gmail.com>"sudarsanareddyp"<sudarsanareddy.p@gmail.com>"pratheeshbabunaidu"<pratheeshbabunaidu@hotmail.com>Pratheeshbabunaidu@gmail.com, "narayanacheruvu"<narayana.cheruvu@hotmail.com>"alokedas5"<alokedas5@rediffmail.com>"sheo1380"<sheo1380@gmail.com>"appunttf1007"<appunttf1007@gmail.com>"ramaqua04"<ramaqua04@gmail.com>"kiritchheda"<kirit.chheda@hotmail.com>"haimant76"<haimant76@gmail.com>"arunkeelari"<arunkeelari@gmail.com>"nks83mf"<nks83mf@gmail.com>"purnachandpavuluri"<purnachand.pavuluri@gmail.com>"samir13p"<samir.13p@gmail.com>"vmanikandan0614"<vmanikandan0614@gmail.com>"harisuth"<harisuth@gmail.com>"aprakash5656"<aprakash5656@gmail.com>"kpsuresh25"<kpsuresh25@gmail.com>"shubhraniloy"<shubhraniloy@gmail.com>"shilpanadig"<shilpanadig@gmail.com>"anildotborude"<anildotborude@gmail.com>"vinaykrv6"<vinaykrv6@gmail.com>"maniarrajan25"<maniarrajan25@gmail.com>"divyajyothivijay"<divyajyothi.vijay@gmail.com>"thiyagarajanmani"<thiyagarajan.mani@gmail.com>"meetashfaqshaikh"<meetashfaqshaikh@gmail.com>: asfak_2011@yahoo.co.in,"surajdtawde"<surajdtawde@gmail.com>"vlmilton"<vlmilton@gmail.com>"vnair1505"<vnair.1505@rediffmail.com>"amitkhanduri"<amit.khanduri@gmail.com>"pdhiman174"<pdhiman174@gmail.com>"laxmisagar77"<laxmisagar77@gmail.com>"deerajgaur7"<deerajgaur7@rediffmail.com>"misrapraveen2000"<misrapraveen2000@yahoo.com>"rameshbharadwajmantha"<rameshbharadwaj.mantha@gmail.com>"sujaykhare"<sujaykhare@gmail.com>"amitagarwal2710"<amitagarwal2710@gmail.com>"suvabrataroy"<suvabrata.roy@gmail.com>"venky_nitsurat"<venky_nitsurat@yahoo.com><venkynas.dubai@gmail.com >"chatterjeesharmishtha"<chatterjeesharmishtha@gmail.com>"kosireddy08"<kosireddy08@gmail.com>"vinujee"<vinujee@gmail.com>"ashmab"<ashmab@yahoo.com>"samarpal699"<samarpal699@rediffmail.com>samarpal03@yahoo.co.in,"mahendrapg1981"<mahendrapg1981@gmail.com>"reachkhasim"<reachkhasim@gmail.com>"rajnandargi"<rajnandargi@gmail.com>"subratata"<subra.tata@gmail.com>"ghoshsankar"<ghoshsankar@yahoo.com>"pritamghosh2005"<pritamghosh2005@gmail.com>"sathiyaguru"<sathiyaguru@gmail.com>"tmashatke"<tmasha.tke@gmail.com>"sukhdev50"<sukhdev50@gmail.com>"deeprajshukla"<deeprajshukla@gmail.com>"sap_draj"<sap_draj@yahoo.com>"roopeshrnjn"<roopesh.rnjn@gmail.com>"ralkulkarni"<ralkulkarni@gmail.com>"sreeni0867"<sreeni0867@gmail.com>"richardezeckial"<richard.ezeckial@gmail.com>"himansumalla"<himansu.malla@gmail.com>"athulgangwaar"<athulgangwaar@gmail.com>"dinesh_designer1986"<dinesh_designer1986@yahoo.com>"riteshgrover29"<riteshgrover29@gmail.com>"ajay16_thatte"<ajay16_thatte@yahoo.co.in>ajayngnthatte@gmail.com,"abhishek80bhushan"<abhishek80bhushan@gmail.com>"avinashmact"<avinashmact@gmail.com>"saurabhshandilya2506"<saurabh.shandilya2506@gmail.com>
"sumitkhannazydess"<sumitkhanna.zydess@gmail.com>"sanjeevsah"<sanjeev.sah@icloud.com>"srenivaas81"<srenivaas81@gmail.com>"nrpanda2006"<nrpanda2006@gmail.com>"numakamal"<numakamal@yahoo.com>1952.anandiyer@gmail.com,"johnsp1978"<john.sp1978@gmail.com>"pahwahitesh87"<pahwahitesh87@gmail.com>"premnishan"<premnishan@yahoo.com>"smsasiraj"<smsasiraj@gmail.com>"rajivjaincv"<rajivjaincv@gmail.com>"sunitsharma405"<sunitsharma405@gmail.com>"krishna_induri"<krishna_induri@yahoo.co.in>